order_item_id,order_id,product_id,quantity,unit_price,discount,line_total
1,1,238,8,629.07,1258.14,3774.42
2,1,79,3,843.03,505.82,2023.27
3,1,215,1,142.72,0.0,142.72
4,1,404,6,899.17,1079.0,4316.02
5,2,205,6,600.61,0.0,3603.66
6,2,223,3,473.88,0.0,1421.64
7,3,485,3,620.92,93.14,1769.62
8,3,49,1,138.4,27.68,110.72
9,3,242,3,374.55,112.37,1011.28
10,3,173,4,404.53,0.0,1618.12
11,3,255,7,368.82,0.0,2581.74
12,4,425,9,300.45,270.41,2433.64
13,4,117,4,453.22,453.22,1359.66
14,4,311,8,289.6,463.36,1853.44
15,5,486,3,424.87,318.65,955.96
16,5,497,1,655.71,98.36,557.35
17,5,493,2,754.04,0.0,1508.08
18,5,488,6,481.89,722.84,2168.5
19,6,149,3,254.9,38.23,726.47
20,6,266,8,245.4,98.16,1865.04
21,6,214,8,27.08,0.0,216.64
22,6,490,5,685.48,0.0,3427.4
23,6,174,5,238.97,238.97,955.88
24,7,63,10,645.77,0.0,6457.7
25,7,272,5,557.38,418.03,2368.87
26,7,372,6,436.51,0.0,2619.06
27,7,190,10,330.8,827.0,2481.0
28,7,33,1,880.15,220.04,660.11
29,8,214,4,27.08,5.42,102.9
30,8,484,6,872.23,261.67,4971.71
31,8,466,6,151.36,227.04,681.12
32,9,285,6,594.75,535.27,3033.23
33,9,358,4,90.52,0.0,362.08
34,9,495,6,134.93,40.48,769.1
35,10,313,4,780.13,156.03,2964.49
36,10,251,10,796.76,1991.9,5975.7
37,10,456,1,783.7,117.56,666.14
38,10,262,2,934.96,373.98,1495.94
39,10,385,3,555.43,249.94,1416.35
40,11,271,8,521.78,1043.56,3130.68
41,12,462,5,741.97,0.0,3709.85
42,12,231,7,604.53,211.59,4020.12
43,12,406,5,254.58,0.0,1272.9
44,12,187,1,69.32,17.33,51.99
45,12,127,4,273.66,0.0,1094.64
46,13,183,10,91.35,228.38,685.12
47,13,288,3,637.81,191.34,1722.09
48,13,490,6,685.48,1028.22,3084.66
49,14,310,9,713.31,320.99,6098.8
50,14,422,4,947.45,0.0,3789.8
51,14,152,1,628.42,31.42,597.0
52,15,410,9,326.74,294.07,2646.59
53,15,128,7,238.33,333.66,1334.65
54,15,359,1,943.84,94.38,849.46
55,15,134,4,945.73,0.0,3782.92
56,15,152,1,628.42,0.0,628.42
57,16,41,6,519.26,778.89,2336.67
58,16,398,3,28.99,21.74,65.23
59,16,321,7,710.0,0.0,4970.0
60,16,305,8,432.37,518.84,2940.12
61,17,480,5,190.18,237.73,713.17
62,18,102,10,42.74,106.85,320.55
63,18,146,3,229.19,0.0,687.57
64,18,166,1,181.01,0.0,181.01
65,19,445,6,211.06,316.59,949.77
66,20,73,6,742.06,890.47,3561.89
67,20,282,1,15.79,3.16,12.63
68,20,331,6,387.68,465.22,1860.86
69,21,168,10,883.42,0.0,8834.2
70,21,330,5,909.67,682.25,3866.1
71,22,388,10,384.78,0.0,3847.8
72,22,453,9,812.83,0.0,7315.47
73,22,371,3,471.67,353.75,1061.26
74,22,33,2,880.15,0.0,1760.3
75,22,78,2,117.23,0.0,234.46
76,23,48,6,294.44,265.0,1501.64
77,23,174,2,238.97,95.59,382.35
78,24,385,2,555.43,277.71,833.15
79,24,206,9,21.93,0.0,197.37
80,24,269,7,595.31,833.43,3333.74
81,25,281,2,551.07,55.11,1047.03
82,25,230,3,365.24,0.0,1095.72
83,26,117,4,453.22,0.0,1812.88
84,26,331,9,387.68,0.0,3489.12
85,26,27,4,262.84,262.84,788.52
86,27,22,4,662.83,132.57,2518.75
87,28,489,3,354.15,159.37,903.08
88,28,166,7,181.01,253.41,1013.66
89,29,262,5,934.96,1168.7,3506.1
90,30,343,7,973.0,0.0,6811.0
91,31,103,10,554.47,0.0,5544.7
92,32,118,10,342.95,857.38,2572.12
93,32,4,6,739.36,0.0,4436.16
94,33,452,6,201.54,0.0,1209.24
95,33,204,4,535.1,0.0,2140.4
96,33,275,1,579.6,57.96,521.64
97,33,137,9,817.15,1103.15,6251.2
98,33,262,7,934.96,0.0,6544.72
99,34,387,10,447.43,447.43,4026.87
100,34,172,4,521.77,313.06,1774.02
101,35,202,2,23.95,4.79,43.11
102,35,232,1,588.63,147.16,441.47
103,35,309,9,66.97,120.55,482.18
104,36,95,2,770.59,0.0,1541.18
105,36,199,2,50.36,5.04,95.68
106,37,389,10,939.97,939.97,8459.73
107,37,427,4,815.1,326.04,2934.36
108,38,238,1,629.07,31.45,597.62
109,38,291,5,19.81,4.95,94.1
110,38,262,1,934.96,93.5,841.46
111,39,111,3,712.87,320.79,1817.82
112,40,256,7,541.05,568.1,3219.25
113,40,235,7,817.48,0.0,5722.36
114,41,246,9,609.11,548.2,4933.79
115,41,408,4,204.51,0.0,818.04
116,41,316,2,133.05,0.0,266.1
117,41,437,1,598.73,0.0,598.73
118,42,485,5,620.92,0.0,3104.6
119,43,228,7,388.51,0.0,2719.57
120,43,50,1,100.7,15.11,85.59
121,43,111,4,712.87,570.3,2281.18
122,44,39,5,730.85,730.85,2923.4
123,44,335,1,514.46,51.45,463.01
124,44,395,1,98.7,0.0,98.7
125,45,73,5,742.06,927.57,2782.73
126,45,477,4,325.22,0.0,1300.88
127,45,471,1,68.38,17.09,51.29
128,46,8,2,661.44,0.0,1322.88
129,46,372,4,436.51,436.51,1309.53
130,47,356,9,366.52,329.87,2968.81
131,47,139,1,226.18,56.55,169.63
132,47,33,3,880.15,132.02,2508.43
133,47,34,7,741.0,1037.4,4149.6
134,47,16,1,491.42,122.86,368.56
135,48,426,8,217.19,347.5,1390.02
136,48,90,1,860.29,0.0,860.29
137,48,337,2,107.12,21.42,192.82
138,48,364,5,609.23,761.54,2284.61
139,49,411,5,780.83,0.0,3904.15
140,49,344,5,536.56,134.14,2548.66
141,50,354,8,395.93,0.0,3167.44
142,50,333,1,483.53,96.71,386.82
143,51,488,8,481.89,192.76,3662.36
144,51,367,1,986.22,98.62,887.6
145,51,187,2,69.32,20.8,117.84
146,51,234,8,575.17,0.0,4601.36
147,51,192,6,606.08,0.0,3636.48
148,52,377,6,59.41,71.29,285.17
149,52,90,10,860.29,1720.58,6882.32
150,52,191,8,744.67,893.6,5063.76
151,53,76,8,19.21,30.74,122.94
152,53,185,7,429.16,0.0,3004.12
153,53,309,5,66.97,0.0,334.85
154,54,474,6,619.76,929.64,2788.92
155,54,231,9,604.53,0.0,5440.77
156,54,456,1,783.7,117.56,666.14
157,55,471,3,68.38,30.77,174.37
158,55,277,3,133.71,0.0,401.13
159,55,418,4,321.28,257.02,1028.1
160,55,42,7,178.43,0.0,1249.01
161,55,257,9,287.68,0.0,2589.12
162,56,54,10,364.42,0.0,3644.2
163,56,131,9,972.24,0.0,8750.16
164,56,379,4,724.38,434.63,2462.89
165,56,251,2,796.76,239.03,1354.49
166,56,375,6,28.8,34.56,138.24
167,57,337,7,107.12,37.49,712.35
168,57,296,6,359.6,431.52,1726.08
169,57,353,2,276.19,27.62,524.76
170,57,328,8,863.17,0.0,6905.36
171,57,428,4,223.46,0.0,893.84
172,58,410,2,326.74,163.37,490.11
173,58,74,2,589.68,117.94,1061.42
174,58,124,7,769.68,538.78,4848.98
175,58,423,4,131.52,0.0,526.08
176,58,488,4,481.89,0.0,1927.56
177,59,16,5,491.42,0.0,2457.1
178,60,96,2,716.9,0.0,1433.8
179,60,130,8,249.68,0.0,1997.44
180,61,484,6,872.23,1046.68,4186.7
181,61,6,10,500.9,500.9,4508.1
182,61,176,7,515.18,540.94,3065.32
183,61,107,5,381.39,381.39,1525.56
184,62,302,8,492.12,0.0,3936.96
185,62,348,8,59.75,0.0,478.0
186,62,256,6,541.05,486.94,2759.36
187,62,16,5,491.42,614.27,1842.83
188,62,441,7,232.91,0.0,1630.37
189,63,353,10,276.19,414.28,2347.62
190,63,486,8,424.87,0.0,3398.96
191,63,195,1,824.48,206.12,618.36
192,63,389,2,939.97,469.99,1409.95
193,64,279,2,698.61,0.0,1397.22
194,64,126,2,900.09,450.05,1350.13
195,64,195,6,824.48,247.34,4699.54
196,65,241,1,605.36,90.8,514.56
197,65,159,9,820.26,1845.59,5536.75
198,65,111,10,712.87,1425.74,5702.96
199,65,49,1,138.4,0.0,138.4
200,65,304,1,976.57,244.14,732.43
201,66,258,3,829.71,622.28,1866.85
202,67,357,10,216.63,433.26,1733.04
203,67,411,9,780.83,0.0,7027.47
204,67,130,10,249.68,0.0,2496.8
205,68,252,3,744.5,558.38,1675.12
206,68,151,3,381.12,0.0,1143.36
207,68,149,10,254.9,382.35,2166.65
208,68,219,2,12.0,0.0,24.0
209,68,496,2,707.01,70.7,1343.32
210,69,249,4,543.41,0.0,2173.64
211,69,199,3,50.36,30.22,120.86
212,69,23,5,205.43,0.0,1027.15
213,69,115,6,820.2,1230.3,3690.9
214,70,366,8,166.49,0.0,1331.92
215,70,52,3,184.29,0.0,552.87
216,71,380,10,502.44,0.0,5024.4
217,71,225,8,310.0,372.0,2108.0
218,72,11,9,33.97,45.86,259.87
219,72,326,9,445.52,0.0,4009.68
220,72,215,8,142.72,0.0,1141.76
221,72,143,7,70.65,98.91,395.64
222,73,34,2,741.0,148.2,1333.8
223,74,244,7,533.44,186.7,3547.38
224,74,465,3,486.81,0.0,1460.43
225,74,13,3,316.22,0.0,948.66
226,75,96,4,716.9,716.9,2150.7
227,75,338,9,896.2,1209.87,6855.93
228,75,286,5,918.92,1148.65,3445.95
229,75,35,3,687.13,412.28,1649.11
230,75,60,9,99.73,0.0,897.57
231,76,104,3,426.2,127.86,1150.74
232,76,69,7,631.77,0.0,4422.39
233,77,31,9,149.4,0.0,1344.6
234,77,58,9,353.5,318.15,2863.35
235,77,300,9,357.61,0.0,3218.49
236,78,451,3,142.88,64.3,364.34
237,78,472,4,764.02,764.02,2292.06
238,78,411,4,780.83,156.17,2967.15
239,79,245,8,192.8,77.12,1465.28
240,79,51,3,258.12,154.87,619.49
241,79,284,9,104.46,0.0,940.14
242,79,75,3,748.54,0.0,2245.62
243,80,245,9,192.8,0.0,1735.2
244,81,85,4,699.32,559.46,2237.82
245,81,430,6,22.48,6.74,128.14
246,81,424,5,481.05,481.05,1924.2
247,81,31,7,149.4,0.0,1045.8
248,81,446,6,910.86,1093.03,4372.13
249,82,99,6,67.09,80.51,322.03
250,83,311,4,289.6,0.0,1158.4
251,83,246,10,609.11,1218.22,4872.88
252,83,331,3,387.68,58.15,1104.89
253,83,307,9,125.73,113.16,1018.41
254,84,396,2,743.88,297.55,1190.21
255,84,308,1,865.15,173.03,692.12
256,84,34,9,741.0,0.0,6669.0
257,84,361,3,589.64,0.0,1768.92
258,85,143,7,70.65,49.46,445.09
259,85,238,6,629.07,377.44,3396.98
260,85,429,9,426.55,575.84,3263.11
261,86,438,8,319.21,638.42,1915.26
262,86,198,10,110.58,0.0,1105.8
263,86,241,6,605.36,0.0,3632.16
264,87,500,6,27.15,0.0,162.9
265,87,129,5,570.83,285.42,2568.73
266,87,448,5,115.52,28.88,548.72
267,87,161,6,303.82,91.15,1731.77
268,88,98,6,15.88,9.53,85.75
269,88,99,6,67.09,80.51,322.03
270,88,143,5,70.65,70.65,282.6
271,88,343,4,973.0,0.0,3892.0
272,88,411,5,780.83,195.21,3708.94
273,89,365,9,868.32,1172.23,6642.65
274,89,105,8,653.05,0.0,5224.4
275,89,61,5,327.59,81.9,1556.05
276,90,307,6,125.73,0.0,754.38
277,90,455,8,556.95,668.34,3787.26
278,91,201,8,551.13,440.9,3968.14
279,91,478,10,440.88,1102.2,3306.6
280,92,175,3,90.24,27.07,243.65
281,92,311,2,289.6,57.92,521.28
282,92,64,7,182.93,256.1,1024.41
283,92,2,2,790.75,79.08,1502.42
284,92,416,5,784.6,980.75,2942.25
285,93,479,9,960.06,864.05,7776.49
286,93,262,10,934.96,1869.92,7479.68
287,93,102,5,42.74,0.0,213.7
288,93,219,8,12.0,0.0,96.0
289,94,224,7,854.91,897.66,5086.71
290,94,62,3,969.94,0.0,2909.82
291,94,63,6,645.77,0.0,3874.62
292,94,22,2,662.83,132.57,1193.09
293,95,281,9,551.07,495.96,4463.67
294,96,402,2,976.05,390.42,1561.68
295,96,105,1,653.05,0.0,653.05
296,97,58,6,353.5,212.1,1908.9
297,98,221,4,169.16,33.83,642.81
298,98,113,10,574.32,574.32,5168.88
299,98,476,9,67.55,91.19,516.76
300,99,78,1,117.23,17.58,99.65
301,99,391,4,817.8,0.0,3271.2
302,100,105,9,653.05,0.0,5877.45
303,100,489,3,354.15,0.0,1062.45
304,100,293,10,357.16,357.16,3214.44
305,100,415,8,176.1,0.0,1408.8
306,101,127,7,273.66,95.78,1819.84
307,102,236,10,181.33,0.0,1813.3
308,102,457,3,358.06,53.71,1020.47
309,103,55,1,738.44,36.92,701.52
310,103,344,5,536.56,536.56,2146.24
311,103,297,10,191.03,382.06,1528.24
312,104,110,4,426.87,0.0,1707.48
313,104,434,2,683.06,273.22,1092.9
314,104,365,8,868.32,1736.64,5209.92
315,104,77,7,675.75,946.05,3784.2
316,105,278,5,459.32,114.83,2181.77
317,106,224,9,854.91,1154.13,6540.06
318,106,165,1,179.09,44.77,134.32
319,106,260,10,395.92,791.84,3167.36
320,106,430,8,22.48,8.99,170.85
321,107,74,2,589.68,235.87,943.49
322,107,87,7,941.54,329.54,6261.24
323,107,112,6,748.01,673.21,3814.85
324,108,141,4,200.9,80.36,723.24
325,108,461,4,335.31,268.25,1072.99
326,108,308,8,865.15,0.0,6921.2
327,108,352,10,427.07,213.53,4057.17
328,109,232,1,588.63,117.73,470.9
329,110,177,6,277.37,332.84,1331.38
330,110,11,8,33.97,54.35,217.41
331,110,371,8,471.67,754.67,3018.69
332,110,46,7,229.13,160.39,1443.52
333,110,179,4,44.04,17.62,158.54
334,111,467,5,293.7,367.12,1101.38
335,111,81,3,247.16,37.07,704.41
336,111,438,10,319.21,159.6,3032.5
337,112,196,6,188.33,0.0,1129.98
338,113,47,3,211.36,0.0,634.08
339,113,316,9,133.05,0.0,1197.45
340,114,41,9,519.26,467.33,4206.01
341,114,232,3,588.63,176.59,1589.3
342,114,73,7,742.06,519.44,4674.98
343,115,118,7,342.95,240.06,2160.59
344,115,86,9,224.37,0.0,2019.33
345,116,447,2,46.84,0.0,93.68
346,116,294,3,254.26,76.28,686.5
347,117,241,7,605.36,0.0,4237.52
348,117,121,1,830.7,41.54,789.16
349,117,309,2,66.97,0.0,133.94
350,117,396,2,743.88,148.78,1338.98
351,117,419,3,302.64,0.0,907.92
352,118,284,6,104.46,0.0,626.76
353,118,79,9,843.03,0.0,7587.27
354,118,126,1,900.09,135.01,765.08
355,118,438,3,319.21,95.76,861.87
356,119,417,1,918.52,0.0,918.52
357,119,202,3,23.95,0.0,71.85
358,119,25,8,603.61,0.0,4828.88
359,119,434,3,683.06,102.46,1946.72
360,119,442,10,736.4,1104.6,6259.4
361,120,401,5,908.84,1136.05,3408.15
362,120,126,8,900.09,0.0,7200.72
363,120,364,2,609.23,60.92,1157.54
364,120,83,10,516.27,0.0,5162.7
365,120,35,7,687.13,0.0,4809.91
366,121,148,8,333.24,666.48,1999.44
367,122,282,9,15.79,28.42,113.69
368,122,456,9,783.7,1763.33,5289.97
369,122,493,9,754.04,1017.95,5768.41
370,122,403,10,197.68,395.36,1581.44
371,123,269,7,595.31,0.0,4167.17
372,123,258,8,829.71,0.0,6637.68
373,123,413,1,610.25,30.51,579.74
374,124,308,6,865.15,519.09,4671.81
375,125,310,7,713.31,998.63,3994.54
376,126,154,6,621.51,0.0,3729.06
377,126,162,8,227.68,91.07,1730.37
378,126,385,1,555.43,27.77,527.66
379,126,223,3,473.88,355.41,1066.23
380,127,405,3,204.03,61.21,550.88
381,127,203,4,765.0,0.0,3060.0
382,127,9,4,765.42,765.42,2296.26
383,127,130,8,249.68,399.49,1597.95
384,127,239,8,69.87,83.84,475.12
385,128,238,3,629.07,377.44,1509.77
386,128,492,1,439.9,22.0,417.9
387,129,460,2,274.54,54.91,494.17
388,129,192,1,606.08,90.91,515.17
389,130,466,7,151.36,211.9,847.62
390,130,40,10,643.24,643.24,5789.16
391,130,182,9,724.99,1631.23,4893.68
392,130,21,8,518.27,0.0,4146.16
393,131,170,4,58.93,23.57,212.15
394,131,473,9,710.24,0.0,6392.16
395,131,6,2,500.9,0.0,1001.8
396,132,139,1,226.18,0.0,226.18
397,132,261,4,698.19,418.91,2373.85
398,132,13,8,316.22,505.95,2023.81
399,132,172,10,521.77,1304.42,3913.28
400,132,178,10,843.54,1265.31,7170.09
401,133,189,1,288.1,0.0,288.1
402,133,453,8,812.83,1625.66,4876.98
403,133,222,9,451.57,0.0,4064.13
404,134,374,10,775.55,0.0,7755.5
405,134,496,3,707.01,424.21,1696.82
406,134,170,8,58.93,47.14,424.3
407,134,74,3,589.68,88.45,1680.59
408,134,48,10,294.44,588.88,2355.52
409,135,202,4,23.95,0.0,95.8
410,135,23,5,205.43,0.0,1027.15
411,135,489,3,354.15,53.12,1009.33
412,136,292,4,451.95,361.56,1446.24
413,136,410,3,326.74,196.04,784.18
414,136,281,10,551.07,551.07,4959.63
415,136,470,4,461.59,0.0,1846.36
416,137,84,1,69.12,6.91,62.21
417,138,403,2,197.68,19.77,375.59
418,138,240,3,753.28,564.96,1694.88
419,138,59,2,998.01,499.0,1497.02
420,138,416,6,784.6,706.14,4001.46
421,139,490,5,685.48,514.11,2913.29
422,139,324,6,299.12,0.0,1794.72
423,139,342,10,327.11,327.11,2943.99
424,139,413,10,610.25,305.12,5797.38
425,140,418,1,321.28,64.26,257.02
426,140,248,5,92.56,69.42,393.38
427,141,154,8,621.51,994.42,3977.66
428,141,27,10,262.84,262.84,2365.56
429,141,411,5,780.83,0.0,3904.15
430,141,422,3,947.45,142.12,2700.23
431,141,433,4,194.3,38.86,738.34
432,142,464,3,209.06,0.0,627.18
433,142,358,9,90.52,122.2,692.48
434,142,212,7,328.4,459.76,1839.04
435,142,291,6,19.81,11.89,106.97
436,143,125,3,64.14,48.11,144.31
437,144,397,6,538.19,0.0,3229.14
438,145,208,7,629.02,0.0,4403.14
439,145,213,8,339.08,0.0,2712.64
440,145,171,6,473.83,0.0,2842.98
441,145,158,4,605.7,605.7,1817.1
442,146,476,7,67.55,23.64,449.21
443,146,208,7,629.02,220.16,4182.98
444,146,147,4,338.69,0.0,1354.76
445,146,173,3,404.53,182.04,1031.55
446,147,193,2,991.13,0.0,1982.26
447,147,43,2,397.12,0.0,794.24
448,147,77,9,675.75,1216.35,4865.4
449,147,253,2,93.14,0.0,186.28
450,147,27,1,262.84,65.71,197.13
451,148,17,3,969.6,290.88,2617.92
452,148,432,6,337.73,303.96,1722.42
453,149,45,1,94.52,0.0,94.52
454,149,458,5,145.73,109.3,619.35
455,149,52,1,184.29,0.0,184.29
456,149,21,10,518.27,0.0,5182.7
457,149,421,4,902.85,0.0,3611.4
458,150,422,8,947.45,0.0,7579.6
459,150,137,10,817.15,817.15,7354.35
460,150,316,9,133.05,0.0,1197.45
461,150,426,10,217.19,217.19,1954.71
462,151,34,8,741.0,592.8,5335.2
463,151,81,9,247.16,0.0,2224.44
464,152,311,4,289.6,115.84,1042.56
465,152,17,7,969.6,1018.08,5769.12
466,152,341,3,450.01,337.51,1012.52
467,152,415,8,176.1,211.32,1197.48
468,153,157,5,315.79,315.79,1263.16
469,153,215,4,142.72,57.09,513.79
470,153,342,6,327.11,98.13,1864.53
471,153,124,8,769.68,0.0,6157.44
472,153,361,3,589.64,0.0,1768.92
473,154,31,10,149.4,0.0,1494.0
474,155,56,8,234.47,0.0,1875.76
475,155,77,2,675.75,135.15,1216.35
476,156,353,6,276.19,82.86,1574.28
477,156,368,8,290.9,465.44,1861.76
478,156,210,2,71.61,14.32,128.9
479,157,459,8,756.79,0.0,6054.32
480,157,187,3,69.32,41.59,166.37
481,158,177,2,277.37,0.0,554.74
482,158,17,5,969.6,969.6,3878.4
483,159,417,8,918.52,1837.04,5511.12
484,159,338,7,896.2,941.01,5332.39
485,160,69,6,631.77,758.12,3032.5
486,160,338,6,896.2,0.0,5377.2
487,160,4,3,739.36,221.81,1996.27
488,160,213,2,339.08,169.54,508.62
489,161,76,1,19.21,0.0,19.21
490,161,123,9,261.62,588.64,1765.94
491,161,491,5,430.26,107.57,2043.73
492,162,214,1,27.08,0.0,27.08
493,162,324,6,299.12,269.21,1525.51
494,163,191,6,744.67,0.0,4468.02
495,163,54,8,364.42,145.77,2769.59
496,163,109,3,219.49,98.77,559.7
497,163,349,9,146.42,131.78,1186.0
498,163,272,7,557.38,195.08,3706.58
499,164,395,1,98.7,24.68,74.02
500,164,494,10,62.3,62.3,560.7
501,164,276,8,42.5,0.0,340.0
502,164,146,6,229.19,0.0,1375.14
503,165,302,2,492.12,246.06,738.18
504,165,425,7,300.45,525.79,1577.36
505,165,469,10,393.08,196.54,3734.26
506,165,473,6,710.24,213.07,4048.37
507,166,136,5,178.48,0.0,892.4
508,166,419,4,302.64,121.06,1089.5
509,166,203,5,765.0,0.0,3825.0
510,166,272,4,557.38,0.0,2229.52
511,167,488,8,481.89,192.76,3662.36
512,167,204,1,535.1,107.02,428.08
513,168,491,2,430.26,86.05,774.47
514,169,417,9,918.52,1653.34,6613.34
515,169,9,9,765.42,688.88,6199.9
516,169,394,10,123.65,0.0,1236.5
517,169,255,10,368.82,184.41,3503.79
518,169,274,9,977.23,879.51,7915.56
519,170,438,4,319.21,255.37,1021.47
520,171,372,6,436.51,0.0,2619.06
521,171,280,4,992.48,0.0,3969.92
522,171,351,7,116.59,0.0,816.13
523,171,169,4,432.95,432.95,1298.85
524,171,11,2,33.97,0.0,67.94
525,172,87,5,941.54,470.77,4236.93
526,172,213,3,339.08,203.45,813.79
527,172,105,3,653.05,293.87,1665.28
528,173,392,5,558.4,279.2,2512.8
529,174,355,9,384.18,0.0,3457.62
530,174,40,3,643.24,0.0,1929.72
531,174,437,1,598.73,29.94,568.79
532,174,34,5,741.0,0.0,3705.0
533,174,59,8,998.01,1197.61,6786.47
534,175,257,9,287.68,647.28,1941.84
535,176,63,8,645.77,516.62,4649.54
536,176,403,2,197.68,59.3,336.06
537,176,404,2,899.17,269.75,1528.59
538,176,91,7,564.6,197.61,3754.59
539,176,280,5,992.48,0.0,4962.4
540,177,412,2,564.26,0.0,1128.52
541,177,84,3,69.12,31.1,176.26
542,177,83,9,516.27,232.32,4414.11
543,177,246,6,609.11,0.0,3654.66
544,177,175,7,90.24,126.34,505.34
545,178,414,9,201.93,363.47,1453.9
546,179,86,4,224.37,224.37,673.11
547,179,397,10,538.19,0.0,5381.9
548,180,428,8,223.46,446.92,1340.76
549,180,199,6,50.36,45.32,256.84
550,181,461,1,335.31,0.0,335.31
551,181,232,4,588.63,0.0,2354.52
552,182,182,1,724.99,108.75,616.24
553,182,333,6,483.53,580.24,2320.94
554,182,384,1,829.21,124.38,704.83
555,182,442,8,736.4,0.0,5891.2
556,182,69,2,631.77,0.0,1263.54
557,183,70,8,984.27,1968.54,5905.62
558,183,284,9,104.46,141.02,799.12
559,183,62,10,969.94,0.0,9699.4
560,183,403,6,197.68,59.3,1126.78
561,183,160,9,73.98,133.16,532.66
562,184,20,2,805.29,0.0,1610.58
563,184,481,5,355.98,0.0,1779.9
564,184,357,5,216.63,216.63,866.52
565,185,144,6,679.66,815.59,3262.37
566,185,39,9,730.85,986.65,5591.0
567,186,256,5,541.05,270.52,2434.73
568,187,12,1,431.57,43.16,388.41
569,187,168,3,883.42,0.0,2650.26
570,187,446,3,910.86,0.0,2732.58
571,187,186,2,158.76,0.0,317.52
572,188,394,6,123.65,111.28,630.62
573,188,455,2,556.95,0.0,1113.9
574,188,296,4,359.6,0.0,1438.4
575,189,26,5,488.46,244.23,2198.07
576,189,431,9,927.36,0.0,8346.24
577,190,479,10,960.06,960.06,8640.54
578,190,465,9,486.81,438.13,3943.16
579,190,52,7,184.29,0.0,1290.03
580,190,160,7,73.98,0.0,517.86
581,190,337,6,107.12,64.27,578.45
582,191,71,2,82.06,0.0,164.12
583,192,3,2,769.38,384.69,1154.07
584,192,22,8,662.83,795.4,4507.24
585,192,208,9,629.02,0.0,5661.18
586,192,136,3,178.48,26.77,508.67
587,192,42,6,178.43,0.0,1070.58
588,193,333,10,483.53,0.0,4835.3
589,193,323,1,650.74,162.69,488.05
590,194,374,3,775.55,0.0,2326.65
591,194,378,9,484.73,218.13,4144.44
592,195,3,9,769.38,692.44,6231.98
593,195,296,4,359.6,359.6,1078.8
594,195,281,4,551.07,0.0,2204.28
595,195,221,4,169.16,135.33,541.31
596,196,423,9,131.52,118.37,1065.31
597,196,177,3,277.37,166.42,665.69
598,197,211,10,601.27,601.27,5411.43
599,197,138,4,769.35,0.0,3077.4
600,197,362,7,885.88,620.12,5581.04
601,197,332,10,938.96,2347.4,7042.2
602,197,1,2,844.96,337.98,1351.94
603,198,98,5,15.88,0.0,79.4
604,198,296,3,359.6,0.0,1078.8
605,198,496,4,707.01,0.0,2828.04
606,198,365,1,868.32,43.42,824.9
607,198,128,1,238.33,0.0,238.33
608,199,69,4,631.77,252.71,2274.37
609,199,492,2,439.9,0.0,879.8
610,199,334,4,61.53,0.0,246.12
611,199,425,1,300.45,60.09,240.36
612,200,175,4,90.24,90.24,270.72
613,201,76,2,19.21,5.76,32.66
614,201,167,7,309.23,432.92,1731.69
615,202,349,5,146.42,183.02,549.08
616,202,340,4,372.89,0.0,1491.56
617,202,106,7,747.27,784.63,4446.26
618,202,97,4,432.24,432.24,1296.72
619,202,251,5,796.76,796.76,3187.04
620,203,130,1,249.68,49.94,199.74
621,204,82,1,849.51,0.0,849.51
622,204,384,8,829.21,663.37,5970.31
623,204,105,7,653.05,0.0,4571.35
624,204,452,5,201.54,0.0,1007.7
625,205,144,3,679.66,407.8,1631.18
626,205,394,1,123.65,30.91,92.74
627,205,403,9,197.68,0.0,1779.12
628,206,233,6,306.4,183.84,1654.56
629,206,330,4,909.67,909.67,2729.01
630,206,103,5,554.47,693.09,2079.26
631,206,494,7,62.3,43.61,392.49
632,206,83,8,516.27,206.51,3923.65
633,207,464,3,209.06,0.0,627.18
634,207,400,4,796.66,796.66,2389.98
635,207,197,4,916.79,0.0,3667.16
636,207,57,5,444.86,333.64,1890.66
637,208,131,2,972.24,194.45,1750.03
638,208,442,9,736.4,662.76,5964.84
639,208,383,7,897.26,0.0,6280.82
640,208,33,10,880.15,0.0,8801.5
641,208,124,5,769.68,384.84,3463.56
642,209,388,9,384.78,0.0,3463.02
643,209,322,8,153.24,0.0,1225.92
644,210,491,1,430.26,64.54,365.72
645,210,394,9,123.65,222.57,890.28
646,211,175,1,90.24,22.56,67.68
647,211,100,3,702.58,0.0,2107.74
648,211,376,5,278.25,278.25,1113.0
649,211,129,5,570.83,142.71,2711.44
650,211,322,7,153.24,160.9,911.78
651,212,195,8,824.48,329.79,6266.05
652,213,167,1,309.23,46.38,262.85
653,213,183,8,91.35,36.54,694.26
654,214,171,8,473.83,189.53,3601.11
655,214,221,9,169.16,0.0,1522.44
656,214,354,2,395.93,0.0,791.86
657,214,290,3,875.1,131.27,2494.03
658,214,211,1,601.27,30.06,571.21
659,215,212,9,328.4,0.0,2955.6
660,215,53,9,533.23,1199.77,3599.3
661,215,368,3,290.9,43.63,829.07
662,215,378,4,484.73,96.95,1841.97
663,216,50,1,100.7,10.07,90.63
664,216,6,10,500.9,1001.8,4007.2
665,216,62,5,969.94,1212.43,3637.27
666,217,48,6,294.44,88.33,1678.31
667,217,314,2,887.86,0.0,1775.72
668,218,406,10,254.58,127.29,2418.51
669,218,23,8,205.43,164.34,1479.1
670,218,278,3,459.32,0.0,1377.96
671,219,419,4,302.64,242.11,968.45
672,219,455,6,556.95,0.0,3341.7
673,219,46,9,229.13,103.11,1959.06
674,219,474,10,619.76,619.76,5577.84
675,220,219,6,12.0,10.8,61.2
676,221,285,3,594.75,0.0,1784.25
677,221,379,2,724.38,0.0,1448.76
678,221,342,5,327.11,81.78,1553.77
679,221,89,3,214.17,32.13,610.38
680,222,376,3,278.25,41.74,793.01
681,223,102,3,42.74,12.82,115.4
682,223,236,1,181.33,45.33,136.0
683,224,317,3,73.29,0.0,219.87
684,224,61,4,327.59,196.55,1113.81
685,225,428,7,223.46,0.0,1564.22
686,225,353,2,276.19,0.0,552.38
687,225,243,7,873.83,0.0,6116.81
688,226,192,1,606.08,0.0,606.08
689,226,351,7,116.59,0.0,816.13
690,227,392,3,558.4,83.76,1591.44
691,228,79,7,843.03,0.0,5901.21
692,229,118,3,342.95,102.89,925.96
693,229,366,9,166.49,224.76,1273.65
694,229,454,8,566.51,0.0,4532.08
695,229,425,10,300.45,150.23,2854.27
696,230,218,3,988.44,741.33,2223.99
697,230,143,6,70.65,42.39,381.51
698,230,311,4,289.6,0.0,1158.4
699,230,101,7,407.5,285.25,2567.25
700,231,396,9,743.88,1673.73,5021.19
701,231,475,2,934.62,0.0,1869.24
702,231,408,3,204.51,0.0,613.53
703,231,118,9,342.95,0.0,3086.55
704,232,246,7,609.11,0.0,4263.77
705,232,28,9,897.12,0.0,8074.08
706,232,276,4,42.5,0.0,170.0
707,232,124,1,769.68,0.0,769.68
708,232,283,2,822.41,246.72,1398.1
709,233,276,2,42.5,8.5,76.5
710,233,134,6,945.73,0.0,5674.38
711,233,424,3,481.05,0.0,1443.15
712,233,219,8,12.0,4.8,91.2
713,233,72,4,721.98,0.0,2887.92
714,234,76,10,19.21,48.03,144.07
715,234,37,7,768.13,0.0,5376.91
716,234,378,6,484.73,727.1,2181.28
717,234,85,5,699.32,524.49,2972.11
718,234,16,1,491.42,0.0,491.42
719,235,397,1,538.19,0.0,538.19
720,236,166,3,181.01,0.0,543.03
721,237,353,4,276.19,276.19,828.57
722,238,225,9,310.0,418.5,2371.5
723,239,404,10,899.17,0.0,8991.7
724,240,181,6,996.85,1196.22,4784.88
725,240,345,2,92.72,18.54,166.9
726,241,134,3,945.73,0.0,2837.19
727,241,280,3,992.48,744.36,2233.08
728,241,148,8,333.24,0.0,2665.92
729,242,90,5,860.29,0.0,4301.45
730,242,161,7,303.82,531.68,1595.06
731,243,260,7,395.92,692.86,2078.58
732,244,23,10,205.43,0.0,2054.3
733,245,339,5,428.68,107.17,2036.23
734,246,177,6,277.37,0.0,1664.22
735,246,186,9,158.76,142.88,1285.96
736,246,272,3,557.38,334.43,1337.71
737,246,194,10,465.91,0.0,4659.1
738,247,212,3,328.4,98.52,886.68
739,247,262,4,934.96,560.98,3178.86
740,248,339,1,428.68,64.3,364.38
741,248,159,3,820.26,492.16,1968.62
742,248,374,1,775.55,0.0,775.55
743,249,28,7,897.12,313.99,5965.85
744,249,124,7,769.68,1346.94,4040.82
745,249,317,6,73.29,0.0,439.74
746,249,396,10,743.88,0.0,7438.8
747,250,34,1,741.0,74.1,666.9
748,250,411,1,780.83,0.0,780.83
749,251,130,9,249.68,0.0,2247.12
750,251,456,9,783.7,0.0,7053.3
751,251,134,5,945.73,0.0,4728.65
752,251,281,8,551.07,1102.14,3306.42
753,252,265,4,980.39,784.31,3137.25
754,252,368,4,290.9,0.0,1163.6
755,253,138,4,769.35,0.0,3077.4
756,253,345,2,92.72,0.0,185.44
757,253,357,7,216.63,151.64,1364.77
758,253,372,3,436.51,130.95,1178.58
759,254,153,3,619.59,0.0,1858.77
760,254,125,7,64.14,0.0,448.98
761,254,189,9,288.1,518.58,2074.32
762,254,110,2,426.87,85.37,768.37
763,255,43,8,397.12,0.0,3176.96
764,255,421,7,902.85,632.0,5687.95
765,255,485,7,620.92,0.0,4346.44
766,256,485,6,620.92,372.55,3352.97
767,256,444,1,978.76,0.0,978.76
768,256,207,4,836.36,501.82,2843.62
769,257,279,3,698.61,209.58,1886.25
770,257,99,1,67.09,0.0,67.09
771,257,241,7,605.36,423.75,3813.77
772,258,406,5,254.58,127.29,1145.61
773,258,263,10,214.5,0.0,2145.0
774,258,396,4,743.88,0.0,2975.52
775,258,189,4,288.1,0.0,1152.4
776,259,170,3,58.93,44.2,132.59
777,259,313,1,780.13,117.02,663.11
778,259,20,5,805.29,0.0,4026.45
779,260,123,4,261.62,52.32,994.16
780,260,107,6,381.39,114.42,2173.92
781,260,425,9,300.45,270.41,2433.64
782,261,162,2,227.68,91.07,364.29
783,261,373,4,282.69,0.0,1130.76
784,261,413,2,610.25,0.0,1220.5
785,261,49,10,138.4,346.0,1038.0
786,261,270,8,715.48,0.0,5723.84
787,262,25,10,603.61,301.81,5734.29
788,262,124,10,769.68,0.0,7696.8
789,262,324,4,299.12,299.12,897.36
790,262,111,3,712.87,427.72,1710.89
791,262,330,6,909.67,272.9,5185.12
792,263,452,7,201.54,0.0,1410.78
793,264,490,2,685.48,342.74,1028.22
794,265,200,2,16.66,8.33,24.99
795,265,492,9,439.9,791.82,3167.28
796,265,399,9,266.41,0.0,2397.69
797,266,467,3,293.7,44.05,837.05
798,267,416,1,784.6,0.0,784.6
799,268,399,7,266.41,0.0,1864.87
800,268,282,3,15.79,0.0,47.37
801,268,126,7,900.09,945.09,5355.54
802,269,327,8,727.92,582.34,5241.02
803,269,374,5,775.55,0.0,3877.75
804,269,492,7,439.9,0.0,3079.3
805,269,452,10,201.54,100.77,1914.63
806,270,189,10,288.1,432.15,2448.85
807,270,69,1,631.77,0.0,631.77
808,270,160,10,73.98,0.0,739.8
809,270,414,2,201.93,40.39,363.47
810,271,277,5,133.71,33.43,635.12
811,272,204,9,535.1,1203.98,3611.92
812,272,176,1,515.18,0.0,515.18
813,273,100,3,702.58,0.0,2107.74
814,273,483,4,603.87,0.0,2415.48
815,273,38,4,336.72,336.72,1010.16
816,273,141,6,200.9,180.81,1024.59
817,274,40,2,643.24,128.65,1157.83
818,274,479,1,960.06,96.01,864.05
819,274,67,9,479.57,863.23,3452.9
820,274,482,1,76.43,11.46,64.97
821,275,399,6,266.41,79.92,1518.54
822,276,480,7,190.18,266.25,1065.01
823,276,223,1,473.88,0.0,473.88
824,276,60,3,99.73,59.84,239.35
825,276,400,1,796.66,0.0,796.66
826,277,448,1,115.52,5.78,109.74
827,277,185,7,429.16,600.82,2403.3
828,278,46,1,229.13,45.83,183.3
829,278,79,8,843.03,0.0,6744.24
830,278,165,4,179.09,0.0,716.36
831,278,488,3,481.89,72.28,1373.39
832,278,131,6,972.24,875.02,4958.42
833,279,419,7,302.64,0.0,2118.48
834,280,293,2,357.16,178.58,535.74
835,280,321,8,710.0,1136.0,4544.0
836,280,391,9,817.8,0.0,7360.2
837,280,319,4,512.21,204.88,1843.96
838,281,384,1,829.21,0.0,829.21
839,281,124,5,769.68,0.0,3848.4
840,281,407,9,490.89,1104.5,3313.51
841,282,176,5,515.18,128.8,2447.1
842,282,245,9,192.8,0.0,1735.2
843,283,24,4,831.22,166.24,3158.64
844,283,331,6,387.68,0.0,2326.08
845,283,28,2,897.12,269.14,1525.1
846,283,232,1,588.63,0.0,588.63
847,284,189,10,288.1,0.0,2881.0
848,284,412,5,564.26,282.13,2539.17
849,284,294,3,254.26,0.0,762.78
850,284,366,8,166.49,133.19,1198.73
851,284,299,3,368.3,220.98,883.92
852,285,362,10,885.88,1771.76,7087.04
853,285,393,10,178.66,357.32,1429.28
854,285,446,5,910.86,1138.58,3415.72
855,285,46,9,229.13,206.22,1855.95
856,285,75,9,748.54,1010.53,5726.33
857,286,197,10,916.79,458.39,8709.51
858,286,76,6,19.21,0.0,115.26
859,286,151,1,381.12,38.11,343.01
860,286,292,10,451.95,225.97,4293.53
861,286,489,3,354.15,53.12,1009.33
862,287,95,4,770.59,308.24,2774.12
863,288,398,7,28.99,40.59,162.34
864,288,289,9,244.59,0.0,2201.31
865,289,319,1,512.21,128.05,384.16
866,289,80,7,425.34,0.0,2977.38
867,289,235,7,817.48,0.0,5722.36
868,289,329,8,818.58,0.0,6548.64
869,290,159,9,820.26,369.12,7013.22
870,290,267,10,634.53,317.26,6028.04
871,291,344,10,536.56,804.84,4560.76
872,291,333,4,483.53,0.0,1934.12
873,291,337,9,107.12,0.0,964.08
874,292,424,1,481.05,72.16,408.89
875,292,492,7,439.9,0.0,3079.3
876,292,73,10,742.06,1484.12,5936.48
877,293,16,9,491.42,0.0,4422.78
878,293,208,10,629.02,943.53,5346.67
879,293,279,3,698.61,419.17,1676.66
880,294,48,9,294.44,529.99,2119.97
881,294,294,7,254.26,266.97,1512.85
882,294,209,2,360.43,36.04,684.82
883,295,288,8,637.81,1020.5,4081.98
884,296,345,3,92.72,13.91,264.25
885,297,161,10,303.82,455.73,2582.47
886,297,473,2,710.24,142.05,1278.43
887,297,432,4,337.73,135.09,1215.83
888,297,205,9,600.61,0.0,5405.49
889,297,124,10,769.68,769.68,6927.12
890,298,140,1,719.49,0.0,719.49
891,298,427,3,815.1,611.33,1833.97
892,298,386,4,807.09,0.0,3228.36
893,298,4,9,739.36,1330.85,5323.39
894,298,308,7,865.15,1211.21,4844.84
895,299,29,2,725.88,290.35,1161.41
896,300,104,2,426.2,0.0,852.4
897,300,343,4,973.0,583.8,3308.2
898,300,422,1,947.45,0.0,947.45
899,300,485,2,620.92,248.37,993.47
900,300,271,1,521.78,52.18,469.6
901,301,151,10,381.12,0.0,3811.2
902,302,28,8,897.12,1435.39,5741.57
903,302,397,3,538.19,80.73,1533.84
904,302,447,10,46.84,117.1,351.3
905,303,322,3,153.24,0.0,459.72
906,303,374,6,775.55,232.67,4420.63
907,303,327,5,727.92,363.96,3275.64
908,303,9,8,765.42,1530.84,4592.52
909,304,307,5,125.73,125.73,502.92
910,304,84,1,69.12,17.28,51.84
911,304,454,3,566.51,339.91,1359.62
912,304,391,7,817.8,0.0,5724.6
913,305,71,6,82.06,0.0,492.36
914,305,285,2,594.75,297.38,892.12
915,305,372,8,436.51,698.42,2793.66
916,305,473,1,710.24,0.0,710.24
917,305,290,10,875.1,0.0,8751.0
918,306,12,7,431.57,302.1,2718.89
919,306,35,4,687.13,137.43,2611.09
920,306,104,8,426.2,170.48,3239.12
921,307,480,3,190.18,85.58,484.96
922,308,367,3,986.22,147.93,2810.73
923,308,177,7,277.37,0.0,1941.59
924,308,240,9,753.28,0.0,6779.52
925,309,6,4,500.9,0.0,2003.6
926,309,348,2,59.75,0.0,119.5
927,309,309,3,66.97,0.0,200.91
928,309,195,2,824.48,82.45,1566.51
929,310,122,9,862.79,1164.77,6600.34
930,310,68,8,632.89,1265.78,3797.34
931,310,280,10,992.48,1488.72,8436.08
932,310,193,2,991.13,99.11,1883.15
933,311,230,2,365.24,73.05,657.43
934,311,158,5,605.7,0.0,3028.5
935,312,443,10,356.5,534.75,3030.25
936,312,25,3,603.61,362.17,1448.66
937,313,262,1,934.96,0.0,934.96
938,313,221,5,169.16,84.58,761.22
939,313,28,4,897.12,897.12,2691.36
940,314,350,5,145.26,0.0,726.3
941,314,204,8,535.1,0.0,4280.8
942,315,464,8,209.06,418.12,1254.36
943,315,342,9,327.11,0.0,2943.99
944,316,39,1,730.85,0.0,730.85
945,316,328,2,863.17,431.58,1294.76
946,317,275,3,579.6,0.0,1738.8
947,317,322,4,153.24,61.3,551.66
948,317,266,7,245.4,0.0,1717.8
949,317,294,9,254.26,343.25,1945.09
950,317,377,8,59.41,118.82,356.46
951,318,389,7,939.97,328.99,6250.8
952,318,448,9,115.52,51.98,987.7
953,319,435,9,71.44,0.0,642.96
954,320,349,6,146.42,175.7,702.82
955,320,15,6,472.87,141.86,2695.36
956,320,294,8,254.26,0.0,2034.08
957,320,253,10,93.14,186.28,745.12
958,320,207,2,836.36,418.18,1254.54
959,321,359,1,943.84,188.77,755.07
960,321,441,8,232.91,93.16,1770.12
961,321,461,7,335.31,0.0,2347.17
962,321,406,1,254.58,38.19,216.39
963,322,193,9,991.13,0.0,8920.17
964,323,338,3,896.2,0.0,2688.6
965,324,323,6,650.74,585.67,3318.77
966,324,346,3,911.88,0.0,2735.64
967,325,348,6,59.75,0.0,358.5
968,325,398,6,28.99,43.48,130.46
969,325,480,2,190.18,38.04,342.32
970,325,208,10,629.02,0.0,6290.2
971,326,268,3,670.77,0.0,2012.31
972,327,72,6,721.98,866.38,3465.5
973,327,497,8,655.71,0.0,5245.68
974,327,286,10,918.92,918.92,8270.28
975,327,121,7,830.7,581.49,5233.41
976,327,402,9,976.05,0.0,8784.45
977,328,65,1,405.97,60.9,345.07
978,328,409,1,413.34,20.67,392.67
979,329,222,10,451.57,451.57,4064.13
980,329,260,5,395.92,0.0,1979.6
981,329,153,10,619.59,929.38,5266.52
982,329,434,10,683.06,0.0,6830.6
983,329,332,2,938.96,187.79,1690.13
984,330,232,9,588.63,1324.42,3973.25
985,330,493,1,754.04,188.51,565.53
986,330,47,6,211.36,0.0,1268.16
987,331,459,9,756.79,1362.22,5448.89
988,331,230,7,365.24,639.17,1917.51
989,332,277,3,133.71,0.0,401.13
990,332,479,10,960.06,2400.15,7200.45
991,333,195,2,824.48,0.0,1648.96
992,333,369,8,416.71,833.42,2500.26
993,333,313,9,780.13,1755.29,5265.88
994,334,278,3,459.32,275.59,1102.37
995,334,259,8,737.3,0.0,5898.4
996,334,429,3,426.55,191.95,1087.7
997,334,265,10,980.39,490.19,9313.71
998,335,384,1,829.21,124.38,704.83
999,335,349,9,146.42,0.0,1317.78
1000,335,205,3,600.61,90.09,1711.74
1001,335,189,1,288.1,28.81,259.29
1002,336,340,6,372.89,447.47,1789.87
1003,337,373,10,282.69,424.04,2402.86
1004,337,352,8,427.07,0.0,3416.56
1005,337,16,2,491.42,0.0,982.84
1006,337,144,9,679.66,0.0,6116.94
1007,338,437,6,598.73,359.24,3233.14
1008,338,129,3,570.83,342.5,1369.99
1009,338,236,10,181.33,362.66,1450.64
1010,339,72,6,721.98,433.19,3898.69
1011,339,96,4,716.9,0.0,2867.6
1012,340,379,10,724.38,724.38,6519.42
1013,340,405,7,204.03,71.41,1356.8
1014,340,444,4,978.76,0.0,3915.04
1015,340,175,7,90.24,0.0,631.68
1016,340,134,2,945.73,283.72,1607.74
1017,341,273,6,261.21,391.81,1175.45
1018,341,92,6,56.11,67.33,269.33
1019,342,496,10,707.01,0.0,7070.1
1020,342,207,10,836.36,418.18,7945.42
1021,343,176,9,515.18,695.49,3941.13
1022,343,53,4,533.23,0.0,2132.92
1023,344,364,7,609.23,639.69,3624.92
1024,344,188,1,109.68,27.42,82.26
1025,344,266,5,245.4,245.4,981.6
1026,344,487,9,78.46,105.92,600.22
1027,344,9,10,765.42,1148.13,6506.07
1028,345,396,5,743.88,371.94,3347.46
1029,345,115,1,820.2,41.01,779.19
1030,345,157,10,315.79,0.0,3157.9
1031,345,450,9,595.5,0.0,5359.5
1032,346,468,8,801.05,1602.1,4806.3
1033,347,25,4,603.61,362.17,2052.27
1034,347,298,4,129.09,51.64,464.72
1035,348,45,6,94.52,28.36,538.76
1036,349,158,2,605.7,181.71,1029.69
1037,349,151,8,381.12,0.0,3048.96
1038,349,168,6,883.42,265.03,5035.49
1039,349,55,4,738.44,0.0,2953.76
1040,350,318,4,956.06,764.85,3059.39
1041,350,244,9,533.44,0.0,4800.96
1042,350,122,7,862.79,1509.88,4529.65
1043,351,24,1,831.22,83.12,748.1
1044,351,488,3,481.89,0.0,1445.67
1045,351,146,2,229.19,0.0,458.38
1046,352,91,8,564.6,903.36,3613.44
1047,352,316,9,133.05,0.0,1197.45
1048,352,357,10,216.63,541.58,1624.72
1049,353,31,10,149.4,0.0,1494.0
1050,353,388,8,384.78,0.0,3078.24
1051,353,140,6,719.49,0.0,4316.94
1052,353,121,9,830.7,1121.44,6354.86
1053,353,206,3,21.93,0.0,65.79
1054,354,286,7,918.92,1286.49,5145.95
1055,354,30,6,885.25,1062.3,4249.2
1056,354,406,8,254.58,509.16,1527.48
1057,355,153,3,619.59,0.0,1858.77
1058,355,253,6,93.14,83.83,475.01
1059,355,380,5,502.44,376.83,2135.37
1060,356,217,6,813.82,732.44,4150.48
1061,356,404,10,899.17,899.17,8092.53
1062,356,92,9,56.11,0.0,504.99
1063,356,156,10,424.47,0.0,4244.7
1064,356,496,2,707.01,282.8,1131.22
1065,357,14,3,330.15,0.0,990.45
1066,357,452,1,201.54,0.0,201.54
1067,357,80,5,425.34,319.0,1807.7
1068,358,301,4,398.17,0.0,1592.68
1069,358,491,4,430.26,0.0,1721.04
1070,359,410,6,326.74,294.07,1666.37
1071,360,107,1,381.39,57.21,324.18
1072,361,247,1,609.52,30.48,579.04
1073,361,325,7,540.15,0.0,3781.05
1074,361,350,2,145.26,29.05,261.47
1075,362,146,9,229.19,412.54,1650.17
1076,362,198,10,110.58,276.45,829.35
1077,362,74,8,589.68,235.87,4481.57
1078,363,230,8,365.24,292.19,2629.73
1079,363,330,7,909.67,0.0,6367.69
1080,363,383,1,897.26,0.0,897.26
1081,363,188,9,109.68,0.0,987.12
1082,364,148,4,333.24,0.0,1332.96
1083,364,270,4,715.48,0.0,2861.92
1084,364,363,9,786.63,0.0,7079.67
1085,365,98,2,15.88,0.0,31.76
1086,365,103,10,554.47,0.0,5544.7
1087,366,321,5,710.0,0.0,3550.0
1088,367,194,1,465.91,0.0,465.91
1089,368,126,7,900.09,630.06,5670.57
1090,368,251,3,796.76,119.51,2270.77
1091,368,368,9,290.9,654.52,1963.58
1092,368,177,1,277.37,0.0,277.37
1093,368,393,8,178.66,285.86,1143.42
1094,369,362,2,885.88,442.94,1328.82
1095,369,91,3,564.6,254.07,1439.73
1096,369,246,8,609.11,730.93,4141.95
1097,369,134,6,945.73,567.44,5106.94
1098,369,248,3,92.56,55.54,222.14
1099,370,442,10,736.4,0.0,7364.0
1100,370,167,3,309.23,0.0,927.69
1101,371,419,8,302.64,484.22,1936.9
1102,371,461,9,335.31,150.89,2866.9
1103,371,374,2,775.55,310.22,1240.88
1104,371,28,9,897.12,0.0,8074.08
1105,371,368,8,290.9,0.0,2327.2
1106,372,90,2,860.29,430.14,1290.44
1107,372,352,4,427.07,85.41,1622.87
1108,372,227,4,970.66,0.0,3882.64
1109,372,490,1,685.48,102.82,582.66
1110,373,89,3,214.17,32.13,610.38
1111,373,380,7,502.44,0.0,3517.08
1112,374,376,7,278.25,292.16,1655.59
1113,375,39,5,730.85,182.71,3471.54
1114,375,284,9,104.46,0.0,940.14
1115,375,122,3,862.79,388.26,2200.11
1116,375,335,6,514.46,154.34,2932.42
1117,375,405,10,204.03,102.02,1938.28
1118,376,285,5,594.75,297.38,2676.37
1119,376,214,2,27.08,13.54,40.62
1120,376,372,8,436.51,873.02,2619.06
1121,377,83,7,516.27,361.39,3252.5
1122,377,127,1,273.66,41.05,232.61
1123,378,444,5,978.76,1223.45,3670.35
1124,378,313,2,780.13,0.0,1560.26
1125,378,458,8,145.73,291.46,874.38
1126,379,96,10,716.9,0.0,7169.0
1127,380,36,3,95.7,0.0,287.1
1128,380,170,4,58.93,58.93,176.79
1129,380,389,9,939.97,2114.93,6344.8
1130,380,369,2,416.71,41.67,791.75
1131,381,363,6,786.63,0.0,4719.78
1132,381,297,9,191.03,85.96,1633.31
1133,381,67,3,479.57,0.0,1438.71
1134,381,416,2,784.6,0.0,1569.2
1135,382,204,1,535.1,26.76,508.34
1136,382,89,1,214.17,0.0,214.17
1137,382,136,9,178.48,401.58,1204.74
1138,383,416,8,784.6,1569.2,4707.6
1139,383,179,4,44.04,26.42,149.74
1140,383,342,9,327.11,441.6,2502.39
1141,383,95,4,770.59,616.47,2465.89
1142,383,474,1,619.76,0.0,619.76
1143,384,9,5,765.42,382.71,3444.39
1144,384,121,7,830.7,0.0,5814.9
1145,385,438,10,319.21,478.81,2713.29
1146,385,57,8,444.86,0.0,3558.88
1147,385,178,3,843.54,126.53,2404.09
1148,385,447,10,46.84,0.0,468.4
1149,385,12,3,431.57,0.0,1294.71
1150,386,384,6,829.21,0.0,4975.26
1151,386,48,5,294.44,73.61,1398.59
1152,386,245,5,192.8,48.2,915.8
1153,386,30,10,885.25,442.62,8409.88
1154,386,467,1,293.7,58.74,234.96
1155,387,43,4,397.12,397.12,1191.36
1156,387,48,10,294.44,0.0,2944.4
1157,387,75,7,748.54,0.0,5239.78
1158,387,325,3,540.15,0.0,1620.45
1159,388,107,3,381.39,0.0,1144.17
1160,389,210,8,71.61,0.0,572.88
1161,389,28,2,897.12,0.0,1794.24
1162,389,60,2,99.73,39.89,159.57
1163,389,207,2,836.36,0.0,1672.72
1164,390,22,2,662.83,0.0,1325.66
1165,390,229,3,690.35,310.66,1760.39
1166,391,390,8,246.1,98.44,1870.36
1167,391,102,10,42.74,21.37,406.03
1168,391,19,5,72.86,18.21,346.09
1169,391,221,7,169.16,177.62,1006.5
1170,391,107,9,381.39,0.0,3432.51
1171,392,234,5,575.17,0.0,2875.85
1172,392,77,5,675.75,0.0,3378.75
1173,393,47,5,211.36,0.0,1056.8
1174,394,350,7,145.26,0.0,1016.82
1175,394,473,6,710.24,0.0,4261.44
1176,394,296,6,359.6,0.0,2157.6
1177,394,77,10,675.75,675.75,6081.75
1178,394,193,3,991.13,0.0,2973.39
1179,395,100,6,702.58,632.32,3583.16
1180,395,370,7,379.56,0.0,2656.92
1181,395,415,1,176.1,8.8,167.3
1182,395,367,10,986.22,1479.33,8382.87
1183,395,66,10,605.88,1514.7,4544.1
1184,396,398,2,28.99,2.9,55.08
1185,397,61,3,327.59,98.28,884.49
1186,397,98,7,15.88,16.67,94.49
1187,397,282,6,15.79,14.21,80.53
1188,397,199,5,50.36,0.0,251.8
1189,398,434,1,683.06,68.31,614.75
1190,398,483,2,603.87,0.0,1207.74
1191,399,73,8,742.06,0.0,5936.48
1192,400,64,6,182.93,0.0,1097.58
1193,400,246,4,609.11,609.11,1827.33
1194,400,143,1,70.65,0.0,70.65
1195,400,307,10,125.73,0.0,1257.3
1196,401,369,2,416.71,166.68,666.74
1197,401,219,10,12.0,0.0,120.0
1198,401,212,4,328.4,0.0,1313.6
1199,401,65,5,405.97,0.0,2029.85
1200,402,164,5,294.82,0.0,1474.1
1201,402,424,1,481.05,24.05,457.0
1202,402,360,5,359.69,0.0,1798.45
1203,403,31,2,149.4,0.0,298.8
1204,403,316,6,133.05,159.66,638.64
1205,404,289,8,244.59,293.51,1663.21
1206,404,217,5,813.82,0.0,4069.1
1207,404,190,8,330.8,396.96,2249.44
1208,404,191,5,744.67,744.67,2978.68
1209,405,485,4,620.92,248.37,2235.31
1210,405,246,2,609.11,0.0,1218.22
1211,406,237,7,569.68,0.0,3987.76
1212,406,57,1,444.86,0.0,444.86
1213,406,394,2,123.65,0.0,247.3
1214,407,107,1,381.39,76.28,305.11
1215,408,118,2,342.95,171.47,514.43
1216,408,205,5,600.61,0.0,3003.05
1217,408,251,3,796.76,478.06,1912.22
1218,408,265,1,980.39,0.0,980.39
1219,408,50,6,100.7,151.05,453.15
1220,409,76,10,19.21,0.0,192.1
1221,410,499,6,743.45,0.0,4460.7
1222,411,44,4,974.27,0.0,3897.08
1223,411,210,8,71.61,0.0,572.88
1224,411,127,1,273.66,68.42,205.24
1225,411,365,4,868.32,520.99,2952.29
1226,412,497,1,655.71,65.57,590.14
1227,413,497,9,655.71,590.14,5311.25
1228,413,252,5,744.5,186.12,3536.38
1229,413,411,7,780.83,0.0,5465.81
1230,414,361,4,589.64,0.0,2358.56
1231,415,290,7,875.1,0.0,6125.7
1232,416,273,9,261.21,352.63,1998.26
1233,416,229,7,690.35,966.49,3865.96
1234,416,306,5,251.86,314.83,944.47
1235,417,105,2,653.05,0.0,1306.1
1236,418,102,4,42.74,34.19,136.77
1237,418,81,8,247.16,197.73,1779.55
1238,418,430,7,22.48,31.47,125.89
1239,419,422,3,947.45,0.0,2842.35
1240,419,181,10,996.85,0.0,9968.5
1241,419,269,4,595.31,0.0,2381.24
1242,419,359,8,943.84,0.0,7550.72
1243,420,30,5,885.25,885.25,3541.0
1244,421,218,2,988.44,197.69,1779.19
1245,421,495,6,134.93,0.0,809.58
1246,421,387,2,447.43,0.0,894.86
1247,421,26,8,488.46,976.92,2930.76
1248,422,64,5,182.93,0.0,914.65
1249,422,11,5,33.97,8.49,161.36
1250,422,279,9,698.61,0.0,6287.49
1251,422,421,10,902.85,902.85,8125.65
1252,423,2,6,790.75,237.23,4507.27
1253,423,342,2,327.11,98.13,556.09
1254,423,402,3,976.05,0.0,2928.15
1255,423,131,10,972.24,0.0,9722.4
1256,423,414,10,201.93,201.93,1817.37
1257,424,421,8,902.85,1444.56,5778.24
1258,424,402,10,976.05,2440.12,7320.38
1259,424,328,4,863.17,0.0,3452.68
1260,424,102,8,42.74,85.48,256.44
1261,424,351,2,116.59,46.64,186.54
1262,425,309,9,66.97,60.27,542.46
1263,425,53,7,533.23,746.52,2986.09
1264,425,490,2,685.48,0.0,1370.96
1265,425,111,8,712.87,570.3,5132.66
1266,426,249,8,543.41,434.73,3912.55
1267,427,120,3,478.97,215.54,1221.37
1268,427,224,3,854.91,128.24,2436.49
1269,428,343,10,973.0,973.0,8757.0
1270,428,299,10,368.3,0.0,3683.0
1271,428,313,8,780.13,0.0,6241.04
1272,428,35,5,687.13,0.0,3435.65
1273,428,453,7,812.83,0.0,5689.81
1274,429,110,8,426.87,0.0,3414.96
1275,430,236,9,181.33,0.0,1631.97
1276,430,55,2,738.44,295.38,1181.5
1277,430,29,3,725.88,0.0,2177.64
1278,430,323,5,650.74,0.0,3253.7
1279,430,436,9,825.11,0.0,7425.99
1280,431,190,10,330.8,827.0,2481.0
1281,431,462,3,741.97,0.0,2225.91
1282,432,500,8,27.15,0.0,217.2
1283,433,258,10,829.71,829.71,7467.39
1284,433,476,9,67.55,0.0,607.95
1285,433,418,2,321.28,128.51,514.05
1286,433,458,5,145.73,72.87,655.78
1287,433,274,3,977.23,0.0,2931.69
1288,434,232,6,588.63,176.59,3355.19
1289,435,226,9,159.79,215.72,1222.39
1290,435,225,1,310.0,0.0,310.0
1291,435,32,1,536.26,53.63,482.63
1292,435,277,1,133.71,26.74,106.97
1293,435,243,6,873.83,1310.75,3932.23
1294,436,425,3,300.45,45.07,856.28
1295,437,289,2,244.59,48.92,440.26
1296,437,305,7,432.37,0.0,3026.59
1297,437,392,2,558.4,0.0,1116.8
1298,437,262,8,934.96,747.97,6731.71
1299,438,308,7,865.15,0.0,6056.05
1300,438,238,7,629.07,1100.87,3302.62
1301,439,137,1,817.15,122.57,694.58
1302,440,366,2,166.49,33.3,299.68
1303,440,464,2,209.06,83.62,334.5
1304,441,182,7,724.99,0.0,5074.93
1305,442,461,9,335.31,150.89,2866.9
1306,442,91,8,564.6,451.68,4065.12
1307,442,346,9,911.88,410.35,7796.57
1308,442,171,7,473.83,497.52,2819.29
1309,443,399,8,266.41,426.26,1705.02
1310,444,150,1,777.08,155.42,621.66
1311,444,360,5,359.69,359.69,1438.76
1312,445,280,4,992.48,396.99,3572.93
1313,445,480,10,190.18,380.36,1521.44
1314,445,14,5,330.15,412.69,1238.06
1315,445,262,5,934.96,0.0,4674.8
1316,446,228,1,388.51,0.0,388.51
1317,447,174,2,238.97,95.59,382.35
1318,447,73,3,742.06,333.93,1892.25
1319,447,297,4,191.03,152.82,611.3
1320,447,141,9,200.9,0.0,1808.1
1321,447,1,9,844.96,380.23,7224.41
1322,448,274,7,977.23,342.03,6498.58
1323,448,315,1,80.42,16.08,64.34
1324,448,71,5,82.06,82.06,328.24
1325,449,78,9,117.23,263.77,791.3
1326,449,309,10,66.97,0.0,669.7
1327,449,218,1,988.44,0.0,988.44
1328,449,46,5,229.13,0.0,1145.65
1329,450,425,2,300.45,30.05,570.85
1330,450,184,10,144.11,0.0,1441.1
1331,451,366,7,166.49,0.0,1165.43
1332,451,120,4,478.97,478.97,1436.91
1333,452,458,1,145.73,21.86,123.87
1334,452,96,4,716.9,0.0,2867.6
1335,452,471,5,68.38,51.28,290.62
1336,452,285,9,594.75,0.0,5352.75
1337,453,171,1,473.83,0.0,473.83
1338,453,185,5,429.16,214.58,1931.22
1339,453,254,3,579.45,173.84,1564.51
1340,453,64,10,182.93,0.0,1829.3
1341,454,163,1,189.13,9.46,179.67
1342,454,357,5,216.63,108.31,974.84
1343,454,15,10,472.87,945.74,3782.96
1344,454,206,2,21.93,10.96,32.9
1345,455,460,2,274.54,0.0,549.08
1346,455,359,5,943.84,0.0,4719.2
1347,455,280,9,992.48,0.0,8932.32
1348,455,444,7,978.76,1712.83,5138.49
1349,456,75,2,748.54,149.71,1347.37
1350,456,41,8,519.26,415.41,3738.67
1351,456,212,9,328.4,0.0,2955.6
1352,456,404,4,899.17,539.5,3057.18
1353,456,319,3,512.21,307.33,1229.3
1354,457,485,5,620.92,620.92,2483.68
1355,457,316,9,133.05,59.87,1137.58
1356,457,358,10,90.52,181.04,724.16
1357,457,357,10,216.63,541.58,1624.72
1358,458,477,9,325.22,585.4,2341.58
1359,458,291,5,19.81,0.0,99.05
1360,458,168,6,883.42,530.05,4770.47
1361,459,412,1,564.26,0.0,564.26
1362,459,64,10,182.93,0.0,1829.3
1363,459,370,10,379.56,0.0,3795.6
1364,460,433,8,194.3,233.16,1321.24
1365,461,357,7,216.63,0.0,1516.41
1366,461,180,2,606.4,0.0,1212.8
1367,462,41,7,519.26,0.0,3634.82
1368,462,117,10,453.22,906.44,3625.76
1369,462,107,7,381.39,400.46,2269.27
1370,462,128,7,238.33,0.0,1668.31
1371,463,264,10,681.36,681.36,6132.24
1372,464,191,10,744.67,0.0,7446.7
1373,464,195,8,824.48,0.0,6595.84
1374,464,26,1,488.46,48.85,439.61
1375,465,153,9,619.59,557.63,5018.68
1376,465,92,1,56.11,5.61,50.5
1377,466,193,5,991.13,991.13,3964.52
1378,466,221,8,169.16,270.66,1082.62
1379,466,26,6,488.46,586.15,2344.61
1380,466,135,3,959.23,0.0,2877.69
1381,467,162,7,227.68,239.06,1354.7
1382,467,251,8,796.76,956.11,5417.97
1383,467,276,1,42.5,10.62,31.88
1384,468,394,6,123.65,37.1,704.8
1385,468,99,9,67.09,0.0,603.81
1386,468,218,3,988.44,148.27,2817.05
1387,469,133,7,95.17,133.24,532.95
1388,469,402,3,976.05,0.0,2928.15
1389,469,395,7,98.7,103.63,587.27
1390,470,28,2,897.12,358.85,1435.39
1391,470,324,6,299.12,269.21,1525.51
1392,470,118,1,342.95,0.0,342.95
1393,471,83,3,516.27,0.0,1548.81
1394,471,90,3,860.29,258.09,2322.78
1395,471,93,8,110.77,177.23,708.93
1396,471,494,8,62.3,124.6,373.8
1397,472,206,3,21.93,9.87,55.92
1398,472,314,2,887.86,355.14,1420.58
1399,472,15,2,472.87,0.0,945.74
1400,473,144,2,679.66,0.0,1359.32
1401,473,191,9,744.67,670.2,6031.83
1402,474,409,9,413.34,744.01,2976.05
1403,474,31,1,149.4,0.0,149.4
1404,474,56,8,234.47,375.15,1500.61
1405,474,247,8,609.52,0.0,4876.16
1406,474,101,2,407.5,0.0,815.0
1407,475,305,6,432.37,648.56,1945.66
1408,475,477,1,325.22,32.52,292.7
1409,475,229,3,690.35,414.21,1656.84
1410,475,406,5,254.58,0.0,1272.9
1411,475,327,7,727.92,0.0,5095.44
1412,476,374,2,775.55,0.0,1551.1
1413,476,28,4,897.12,358.85,3229.63
1414,477,377,8,59.41,71.29,403.99
1415,477,117,7,453.22,475.88,2696.66
1416,478,374,7,775.55,0.0,5428.85
1417,478,237,9,569.68,769.07,4358.05
1418,478,499,3,743.45,334.55,1895.8
1419,478,136,9,178.48,0.0,1606.32
1420,478,159,3,820.26,0.0,2460.78
1421,479,356,4,366.52,219.91,1246.17
1422,479,450,5,595.5,446.62,2530.88
1423,479,409,5,413.34,0.0,2066.7
1424,479,17,7,969.6,678.72,6108.48
1425,479,157,6,315.79,189.47,1705.27
1426,480,174,3,238.97,35.85,681.06
1427,480,433,2,194.3,0.0,388.6
1428,480,72,4,721.98,0.0,2887.92
1429,480,479,8,960.06,768.05,6912.43
1430,481,315,8,80.42,0.0,643.36
1431,481,231,8,604.53,967.25,3868.99
1432,481,392,4,558.4,111.68,2121.92
1433,481,341,5,450.01,0.0,2250.05
1434,481,251,3,796.76,0.0,2390.28
1435,482,445,9,211.06,379.91,1519.63
1436,482,351,3,116.59,0.0,349.77
1437,483,182,1,724.99,0.0,724.99
1438,483,411,2,780.83,312.33,1249.33
1439,483,493,4,754.04,0.0,3016.16
1440,483,131,6,972.24,291.67,5541.77
1441,484,198,10,110.58,55.29,1050.51
1442,485,369,9,416.71,0.0,3750.39
1443,485,137,10,817.15,408.58,7762.92
1444,485,170,4,58.93,23.57,212.15
1445,486,19,2,72.86,0.0,145.72
1446,487,226,8,159.79,127.83,1150.49
1447,487,264,2,681.36,272.54,1090.18
1448,487,177,3,277.37,83.21,748.9
1449,487,131,5,972.24,729.18,4132.02
1450,488,135,7,959.23,0.0,6714.61
1451,488,423,9,131.52,59.18,1124.5
1452,488,420,9,826.49,1115.76,6322.65
1453,489,244,10,533.44,266.72,5067.68
1454,490,361,9,589.64,0.0,5306.76
1455,490,8,6,661.44,198.43,3770.21
1456,490,330,10,909.67,0.0,9096.7
1457,490,76,9,19.21,43.22,129.67
1458,491,263,5,214.5,214.5,858.0
1459,491,412,10,564.26,1128.52,4514.08
1460,491,301,9,398.17,0.0,3583.53
1461,491,454,10,566.51,0.0,5665.1
1462,491,157,6,315.79,473.69,1421.05
1463,492,360,3,359.69,269.77,809.3
1464,492,54,5,364.42,455.53,1366.57
1465,492,349,3,146.42,43.93,395.33
1466,492,193,4,991.13,0.0,3964.52
1467,492,415,2,176.1,70.44,281.76
1468,493,90,5,860.29,0.0,4301.45
1469,493,464,4,209.06,41.81,794.43
1470,493,304,8,976.57,0.0,7812.56
1471,494,121,4,830.7,0.0,3322.8
1472,494,78,2,117.23,58.62,175.84
1473,494,16,7,491.42,0.0,3439.94
1474,494,484,10,872.23,436.12,8286.18
1475,494,89,9,214.17,0.0,1927.53
1476,495,286,4,918.92,0.0,3675.68
1477,495,75,2,748.54,0.0,1497.08
1478,495,418,2,321.28,0.0,642.56
1479,495,95,4,770.59,0.0,3082.36
1480,495,456,1,783.7,0.0,783.7
1481,496,355,9,384.18,691.52,2766.1
1482,497,223,7,473.88,0.0,3317.16
1483,497,24,1,831.22,207.81,623.41
1484,497,367,7,986.22,0.0,6903.54
1485,497,6,9,500.9,0.0,4508.1
1486,498,97,6,432.24,518.69,2074.75
1487,498,408,2,204.51,40.9,368.12
1488,498,32,4,536.26,214.5,1930.54
1489,499,333,4,483.53,0.0,1934.12
1490,499,302,9,492.12,0.0,4429.08
1491,499,403,8,197.68,158.14,1423.3
1492,500,401,9,908.84,0.0,8179.56
1493,500,100,6,702.58,421.55,3793.93
1494,500,210,10,71.61,107.42,608.68
1495,500,427,2,815.1,0.0,1630.2
1496,501,102,1,42.74,10.69,32.05
1497,502,469,3,393.08,0.0,1179.24
1498,502,190,5,330.8,248.1,1405.9
1499,502,488,10,481.89,963.78,3855.12
1500,502,225,2,310.0,93.0,527.0
1501,503,463,1,689.64,137.93,551.71
1502,504,498,7,707.26,990.16,3960.66
1503,504,138,2,769.35,0.0,1538.7
1504,504,7,7,387.32,406.69,2304.55
1505,504,154,2,621.51,0.0,1243.02
1506,505,145,1,845.27,211.32,633.95
1507,505,278,6,459.32,0.0,2755.92
1508,506,315,10,80.42,80.42,723.78
1509,506,396,10,743.88,1859.7,5579.1
1510,506,22,9,662.83,0.0,5965.47
1511,506,189,9,288.1,129.65,2463.25
1512,507,215,9,142.72,64.22,1220.26
1513,507,151,9,381.12,0.0,3430.08
1514,507,194,9,465.91,838.64,3354.55
1515,507,82,7,849.51,1486.64,4459.93
1516,508,271,4,521.78,417.42,1669.7
1517,509,285,9,594.75,0.0,5352.75
1518,509,242,9,374.55,842.74,2528.21
1519,509,401,10,908.84,0.0,9088.4
1520,509,187,1,69.32,10.4,58.92
1521,509,412,10,564.26,1128.52,4514.08
1522,510,186,8,158.76,0.0,1270.08
1523,510,292,8,451.95,723.12,2892.48
1524,511,355,10,384.18,192.09,3649.71
1525,512,12,2,431.57,0.0,863.14
1526,512,221,6,169.16,253.74,761.22
1527,513,296,9,359.6,0.0,3236.4
1528,513,195,1,824.48,82.45,742.03
1529,513,41,9,519.26,0.0,4673.34
1530,513,390,10,246.1,369.15,2091.85
1531,513,479,3,960.06,0.0,2880.18
1532,514,185,6,429.16,386.24,2188.72
1533,514,498,2,707.26,353.63,1060.89
1534,514,250,8,903.22,722.58,6503.18
1535,514,362,2,885.88,0.0,1771.76
1536,515,152,7,628.42,0.0,4398.94
1537,515,402,2,976.05,0.0,1952.1
1538,515,278,9,459.32,0.0,4133.88
1539,515,144,2,679.66,271.86,1087.46
1540,516,224,5,854.91,0.0,4274.55
1541,516,84,3,69.12,51.84,155.52
1542,517,263,10,214.5,0.0,2145.0
1543,517,231,1,604.53,60.45,544.08
1544,517,370,6,379.56,227.74,2049.62
1545,518,54,9,364.42,491.97,2787.81
1546,518,349,5,146.42,109.81,622.29
1547,519,427,1,815.1,122.27,692.83
1548,519,223,9,473.88,0.0,4264.92
1549,519,2,10,790.75,0.0,7907.5
1550,519,65,6,405.97,608.96,1826.86
1551,520,364,10,609.23,0.0,6092.3
1552,521,33,7,880.15,308.05,5853.0
1553,522,210,5,71.61,0.0,358.05
1554,522,236,3,181.33,27.2,516.79
1555,522,424,3,481.05,144.31,1298.84
1556,523,91,9,564.6,0.0,5081.4
1557,523,471,9,68.38,92.31,523.11
1558,523,455,5,556.95,0.0,2784.75
1559,523,30,2,885.25,442.62,1327.88
1560,524,334,9,61.53,0.0,553.77
1561,524,83,5,516.27,645.34,1936.01
1562,524,124,2,769.68,0.0,1539.36
1563,524,215,2,142.72,57.09,228.35
1564,524,483,9,603.87,815.22,4619.61
1565,525,247,2,609.52,0.0,1219.04
1566,526,483,9,603.87,0.0,5434.83
1567,526,47,2,211.36,63.41,359.31
1568,526,500,1,27.15,0.0,27.15
1569,527,454,2,566.51,0.0,1133.02
1570,527,162,3,227.68,136.61,546.43
1571,527,42,1,178.43,26.76,151.67
1572,527,117,8,453.22,0.0,3625.76
1573,528,70,4,984.27,0.0,3937.08
1574,528,17,8,969.6,0.0,7756.8
1575,528,415,7,176.1,184.91,1047.79
1576,528,349,1,146.42,0.0,146.42
1577,528,490,8,685.48,548.38,4935.46
1578,529,450,9,595.5,535.95,4823.55
1579,530,365,6,868.32,520.99,4688.93
1580,530,117,3,453.22,339.92,1019.74
1581,530,212,10,328.4,164.2,3119.8
1582,530,443,7,356.5,374.32,2121.18
1583,530,68,10,632.89,632.89,5696.01
1584,531,490,8,685.48,0.0,5483.84
1585,531,212,2,328.4,0.0,656.8
1586,531,243,4,873.83,349.53,3145.79
1587,532,43,4,397.12,0.0,1588.48
1588,532,19,5,72.86,54.65,309.65
1589,532,24,3,831.22,374.05,2119.61
1590,532,397,9,538.19,968.74,3874.97
1591,532,114,3,489.0,0.0,1467.0
1592,533,457,5,358.06,89.52,1700.78
1593,533,498,6,707.26,1060.89,3182.67
1594,533,132,9,634.4,285.48,5424.12
1595,533,173,3,404.53,242.72,970.87
1596,534,31,7,149.4,104.58,941.22
1597,534,280,7,992.48,0.0,6947.36
1598,534,382,7,381.28,667.24,2001.72
1599,534,100,10,702.58,351.29,6674.51
1600,534,368,5,290.9,145.45,1309.05
1601,535,258,4,829.71,331.88,2986.96
1602,535,496,3,707.01,318.15,1802.88
1603,535,410,4,326.74,261.39,1045.57
1604,535,472,5,764.02,764.02,3056.08
1605,535,469,3,393.08,0.0,1179.24
1606,536,172,1,521.77,130.44,391.33
1607,536,418,8,321.28,257.02,2313.22
1608,536,361,1,589.64,117.93,471.71
1609,537,230,10,365.24,547.86,3104.54
1610,537,181,2,996.85,299.06,1694.64
1611,537,492,7,439.9,0.0,3079.3
1612,538,290,3,875.1,0.0,2625.3
1613,538,305,1,432.37,64.86,367.51
1614,539,55,1,738.44,184.61,553.83
1615,539,323,5,650.74,0.0,3253.7
1616,539,342,10,327.11,0.0,3271.1
1617,540,52,2,184.29,0.0,368.58
1618,540,237,9,569.68,1025.42,4101.7
1619,541,308,1,865.15,0.0,865.15
1620,542,413,5,610.25,762.81,2288.44
1621,542,350,7,145.26,0.0,1016.82
1622,542,352,3,427.07,0.0,1281.21
1623,543,208,10,629.02,943.53,5346.67
1624,544,162,5,227.68,0.0,1138.4
1625,544,350,3,145.26,0.0,435.78
1626,545,342,3,327.11,0.0,981.33
1627,546,462,6,741.97,667.77,3784.05
1628,546,447,1,46.84,0.0,46.84
1629,546,81,7,247.16,0.0,1730.12
1630,546,41,6,519.26,0.0,3115.56
1631,547,110,3,426.87,192.09,1088.52
1632,547,495,10,134.93,134.93,1214.37
1633,547,226,10,159.79,239.69,1358.21
1634,548,225,5,310.0,0.0,1550.0
1635,549,52,8,184.29,73.72,1400.6
1636,549,433,3,194.3,145.73,437.17
1637,549,305,9,432.37,0.0,3891.33
1638,549,477,6,325.22,292.7,1658.62
1639,550,468,4,801.05,0.0,3204.2
1640,551,5,7,306.93,214.85,1933.66
1641,552,111,5,712.87,0.0,3564.35
1642,552,105,10,653.05,0.0,6530.5
1643,552,2,5,790.75,593.06,3360.69
1644,552,65,1,405.97,20.3,385.67
1645,552,220,1,178.62,17.86,160.76
1646,553,37,9,768.13,691.32,6221.85
1647,554,466,2,151.36,15.14,287.58
1648,554,335,6,514.46,0.0,3086.76
1649,554,492,9,439.9,593.87,3365.23
1650,554,178,4,843.54,506.12,2868.04
1651,554,352,10,427.07,640.6,3630.1
1652,555,24,6,831.22,997.46,3989.86
1653,555,37,1,768.13,0.0,768.13
1654,556,494,8,62.3,0.0,498.4
1655,556,330,1,909.67,181.93,727.74
1656,556,293,7,357.16,0.0,2500.12
1657,556,38,9,336.72,606.1,2424.38
1658,557,245,5,192.8,0.0,964.0
1659,557,399,4,266.41,266.41,799.23
1660,557,257,5,287.68,0.0,1438.4
1661,557,367,4,986.22,197.24,3747.64
1662,558,435,5,71.44,35.72,321.48
1663,558,298,6,129.09,38.73,735.81
1664,558,11,1,33.97,6.79,27.18
1665,558,252,8,744.5,1191.2,4764.8
1666,558,389,3,939.97,422.99,2396.92
1667,559,5,4,306.93,0.0,1227.72
1668,559,325,6,540.15,0.0,3240.9
1669,559,38,8,336.72,134.69,2559.07
1670,560,161,5,303.82,0.0,1519.1
1671,560,461,7,335.31,0.0,2347.17
1672,560,147,2,338.69,169.34,508.04
1673,560,276,5,42.5,0.0,212.5
1674,561,32,3,536.26,0.0,1608.78
1675,561,113,4,574.32,229.73,2067.55
1676,561,170,2,58.93,0.0,117.86
1677,561,8,1,661.44,0.0,661.44
1678,561,330,7,909.67,0.0,6367.69
1679,562,126,1,900.09,180.02,720.07
1680,562,262,5,934.96,233.74,4441.06
1681,562,8,3,661.44,0.0,1984.32
1682,563,197,7,916.79,1604.38,4813.15
1683,564,407,3,490.89,0.0,1472.67
1684,564,145,6,845.27,1267.9,3803.72
1685,565,387,10,447.43,1118.58,3355.72
1686,565,166,10,181.01,0.0,1810.1
1687,565,45,3,94.52,56.71,226.85
1688,566,86,7,224.37,0.0,1570.59
1689,566,119,4,647.28,517.82,2071.3
1690,566,344,3,536.56,0.0,1609.68
1691,567,235,6,817.48,735.73,4169.15
1692,567,267,3,634.53,0.0,1903.59
1693,568,237,8,569.68,0.0,4557.44
1694,568,356,10,366.52,0.0,3665.2
1695,568,1,8,844.96,0.0,6759.68
1696,569,411,6,780.83,0.0,4684.98
1697,570,366,9,166.49,0.0,1498.41
1698,570,93,4,110.77,88.62,354.46
1699,571,51,10,258.12,0.0,2581.2
1700,571,35,6,687.13,0.0,4122.78
1701,572,294,8,254.26,0.0,2034.08
1702,572,352,6,427.07,0.0,2562.42
1703,572,223,2,473.88,0.0,947.76
1704,572,258,7,829.71,290.4,5517.57
1705,572,275,6,579.6,521.64,2955.96
1706,573,282,2,15.79,4.74,26.84
1707,573,292,8,451.95,903.9,2711.7
1708,573,86,2,224.37,89.75,358.99
1709,573,285,9,594.75,0.0,5352.75
1710,573,363,1,786.63,117.99,668.64
1711,574,246,9,609.11,274.1,5207.89
1712,574,35,9,687.13,1236.83,4947.34
1713,575,483,3,603.87,452.9,1358.71
1714,575,461,3,335.31,100.59,905.34
1715,575,170,5,58.93,0.0,294.65
1716,575,337,2,107.12,0.0,214.24
1717,575,87,8,941.54,0.0,7532.32
1718,576,28,3,897.12,134.57,2556.79
1719,577,151,9,381.12,0.0,3430.08
1720,577,321,4,710.0,0.0,2840.0
1721,577,340,3,372.89,0.0,1118.67
1722,577,130,2,249.68,49.94,449.42
1723,577,143,8,70.65,56.52,508.68
1724,578,375,3,28.8,0.0,86.4
1725,578,34,7,741.0,778.05,4408.95
1726,579,309,4,66.97,0.0,267.88
1727,579,345,3,92.72,0.0,278.16
1728,579,66,1,605.88,30.29,575.59
1729,579,26,5,488.46,0.0,2442.3
1730,579,113,3,574.32,0.0,1722.96
1731,580,255,6,368.82,0.0,2212.92
1732,580,357,2,216.63,21.66,411.6
1733,580,191,4,744.67,0.0,2978.68
1734,580,461,3,335.31,0.0,1005.93
1735,581,172,1,521.77,104.35,417.42
1736,581,130,7,249.68,87.39,1660.37
1737,581,2,1,790.75,118.61,672.14
1738,581,367,10,986.22,493.11,9369.09
1739,582,234,8,575.17,690.2,3911.16
1740,582,204,10,535.1,0.0,5351.0
1741,582,313,9,780.13,351.06,6670.11
1742,582,68,2,632.89,0.0,1265.78
1743,583,307,2,125.73,50.29,201.17
1744,583,350,2,145.26,72.63,217.89
1745,584,194,10,465.91,0.0,4659.1
1746,584,441,3,232.91,34.94,663.79
1747,584,62,1,969.94,96.99,872.95
1748,585,432,9,337.73,303.96,2735.61
1749,585,35,10,687.13,1374.26,5497.04
1750,586,84,3,69.12,0.0,207.36
1751,586,411,4,780.83,0.0,3123.32
1752,586,215,8,142.72,0.0,1141.76
1753,586,257,1,287.68,43.15,244.53
1754,587,286,6,918.92,1102.7,4410.82
1755,587,431,7,927.36,1622.88,4868.64
1756,587,489,1,354.15,70.83,283.32
1757,587,120,7,478.97,0.0,3352.79
1758,588,293,9,357.16,642.89,2571.55
1759,589,186,1,158.76,15.88,142.88
1760,589,298,5,129.09,64.55,580.9
1761,589,154,1,621.51,155.38,466.13
1762,590,201,4,551.13,220.45,1984.07
1763,590,310,4,713.31,142.66,2710.58
1764,590,291,7,19.81,20.8,117.87
1765,590,5,5,306.93,306.93,1227.72
1766,591,233,4,306.4,0.0,1225.6
1767,591,434,3,683.06,409.84,1639.34
1768,592,223,2,473.88,0.0,947.76
1769,592,152,3,628.42,188.53,1696.73
1770,593,403,7,197.68,0.0,1383.76
1771,593,471,6,68.38,61.54,348.74
1772,594,345,3,92.72,0.0,278.16
1773,594,348,9,59.75,0.0,537.75
1774,594,274,8,977.23,0.0,7817.84
1775,595,477,7,325.22,0.0,2276.54
1776,595,328,4,863.17,345.27,3107.41
1777,595,465,2,486.81,194.72,778.9
1778,595,135,4,959.23,191.85,3645.07
1779,595,287,6,986.32,295.9,5622.02
1780,596,369,5,416.71,520.89,1562.66
1781,596,499,3,743.45,334.55,1895.8
1782,597,187,9,69.32,31.19,592.69
1783,598,126,5,900.09,225.02,4275.43
1784,598,487,1,78.46,3.92,74.54
1785,599,41,6,519.26,778.89,2336.67
1786,600,15,6,472.87,283.72,2553.5
1787,600,190,8,330.8,529.28,2117.12
1788,600,470,10,461.59,461.59,4154.31
1789,600,256,6,541.05,811.57,2434.73
1790,601,301,5,398.17,298.63,1692.22
1791,601,485,4,620.92,372.55,2111.13
1792,601,496,4,707.01,565.61,2262.43
1793,601,190,10,330.8,827.0,2481.0
1794,602,202,7,23.95,33.53,134.12
1795,602,493,2,754.04,301.62,1206.46
1796,602,107,5,381.39,0.0,1906.95
1797,603,91,6,564.6,338.76,3048.84
1798,604,12,9,431.57,0.0,3884.13
1799,604,294,6,254.26,152.56,1373.0
1800,604,261,2,698.19,209.46,1186.92
1801,605,390,7,246.1,0.0,1722.7
1802,605,166,6,181.01,217.21,868.85
1803,606,155,8,108.06,0.0,864.48
1804,606,58,4,353.5,0.0,1414.0
1805,606,233,5,306.4,0.0,1532.0
1806,606,123,6,261.62,0.0,1569.72
1807,607,93,7,110.77,0.0,775.39
1808,607,478,5,440.88,0.0,2204.4
1809,607,342,5,327.11,81.78,1553.77
1810,608,406,3,254.58,152.75,610.99
1811,608,419,2,302.64,60.53,544.75
1812,609,454,5,566.51,141.63,2690.92
1813,609,368,1,290.9,72.72,218.18
1814,609,291,7,19.81,6.93,131.74
1815,610,116,2,575.61,0.0,1151.22
1816,610,16,9,491.42,0.0,4422.78
1817,610,254,9,579.45,782.26,4432.79
1818,610,471,3,68.38,0.0,205.14
1819,611,41,6,519.26,778.89,2336.67
1820,612,470,9,461.59,415.43,3738.88
1821,613,81,4,247.16,148.3,840.34
1822,613,418,5,321.28,0.0,1606.4
1823,613,222,9,451.57,1016.03,3048.1
1824,614,137,8,817.15,0.0,6537.2
1825,614,58,8,353.5,141.4,2686.6
1826,614,330,3,909.67,0.0,2729.01
1827,615,211,6,601.27,0.0,3607.62
1828,615,114,8,489.0,978.0,2934.0
1829,615,232,3,588.63,353.18,1412.71
1830,615,205,6,600.61,720.73,2882.93
1831,615,97,4,432.24,432.24,1296.72
1832,616,58,5,353.5,0.0,1767.5
1833,617,474,6,619.76,0.0,3718.56
1834,618,478,9,440.88,0.0,3967.92
1835,618,13,6,316.22,284.6,1612.72
1836,618,333,9,483.53,0.0,4351.77
1837,618,19,1,72.86,0.0,72.86
1838,619,439,3,338.04,0.0,1014.12
1839,619,34,5,741.0,0.0,3705.0
1840,619,164,8,294.82,117.93,2240.63
1841,619,62,7,969.94,0.0,6789.58
1842,620,155,4,108.06,0.0,432.24
1843,620,394,4,123.65,98.92,395.68
1844,620,271,2,521.78,260.89,782.67
1845,620,85,1,699.32,34.97,664.35
1846,620,63,4,645.77,516.62,2066.46
1847,621,178,6,843.54,0.0,5061.24
1848,621,266,7,245.4,0.0,1717.8
1849,621,465,1,486.81,0.0,486.81
1850,621,295,8,8.21,3.28,62.4
1851,621,177,3,277.37,124.82,707.29
1852,622,181,4,996.85,199.37,3788.03
1853,622,76,3,19.21,0.0,57.63
1854,622,328,8,863.17,345.27,6560.09
1855,622,359,10,943.84,471.92,8966.48
1856,622,458,9,145.73,0.0,1311.57
1857,623,148,6,333.24,499.86,1499.58
1858,624,401,6,908.84,272.65,5180.39
1859,624,67,4,479.57,383.66,1534.62
1860,625,45,9,94.52,127.6,723.08
1861,625,498,1,707.26,176.81,530.45
1862,625,204,2,535.1,0.0,1070.2
1863,625,283,8,822.41,0.0,6579.28
1864,626,96,7,716.9,1254.58,3763.72
1865,626,404,2,899.17,0.0,1798.34
1866,626,425,4,300.45,240.36,961.44
1867,626,20,2,805.29,0.0,1610.58
1868,626,252,2,744.5,0.0,1489.0
1869,627,52,6,184.29,55.29,1050.45
1870,627,458,9,145.73,0.0,1311.57
1871,627,362,2,885.88,442.94,1328.82
1872,627,342,7,327.11,228.98,2060.79
1873,628,441,5,232.91,232.91,931.64
1874,628,245,4,192.8,115.68,655.52
1875,628,227,5,970.66,0.0,4853.3
1876,628,75,4,748.54,149.71,2844.45
1877,628,354,3,395.93,0.0,1187.79
1878,629,471,9,68.38,0.0,615.42
1879,629,325,2,540.15,108.03,972.27
1880,630,79,6,843.03,0.0,5058.18
1881,630,368,3,290.9,0.0,872.7
1882,630,376,6,278.25,333.9,1335.6
1883,631,194,3,465.91,209.66,1188.07
1884,632,191,1,744.67,148.93,595.74
1885,632,125,8,64.14,25.66,487.46
1886,633,438,2,319.21,0.0,638.42
1887,634,204,8,535.1,428.08,3852.72
1888,634,54,4,364.42,0.0,1457.68
1889,634,249,6,543.41,163.02,3097.44
1890,635,487,5,78.46,0.0,392.3
1891,635,335,9,514.46,694.52,3935.62
1892,635,77,1,675.75,0.0,675.75
1893,635,113,7,574.32,0.0,4020.24
1894,635,206,1,21.93,2.19,19.74
1895,636,118,10,342.95,857.38,2572.12
1896,636,337,6,107.12,128.54,514.18
1897,636,33,6,880.15,528.09,4752.81
1898,636,405,8,204.03,0.0,1632.24
1899,637,164,5,294.82,0.0,1474.1
1900,637,410,3,326.74,0.0,980.22
1901,637,189,2,288.1,115.24,460.96
1902,638,37,2,768.13,230.44,1305.82
1903,638,169,7,432.95,303.06,2727.59
1904,638,9,10,765.42,0.0,7654.2
1905,639,370,7,379.56,132.85,2524.07
1906,639,303,6,793.95,1190.93,3572.77
1907,639,281,8,551.07,661.28,3747.28
1908,639,413,3,610.25,0.0,1830.75
1909,639,245,1,192.8,0.0,192.8
1910,640,130,3,249.68,149.81,599.23
1911,641,342,1,327.11,0.0,327.11
1912,641,319,8,512.21,0.0,4097.68
1913,642,374,2,775.55,0.0,1551.1
1914,642,158,2,605.7,60.57,1150.83
1915,643,125,7,64.14,89.8,359.18
1916,643,237,9,569.68,1281.78,3845.34
1917,643,208,1,629.02,157.25,471.77
1918,643,111,2,712.87,0.0,1425.74
1919,643,219,8,12.0,24.0,72.0
1920,644,41,10,519.26,0.0,5192.6
1921,644,68,8,632.89,1012.62,4050.5
1922,645,236,6,181.33,272.0,815.98
1923,646,216,6,600.48,180.14,3422.74
1924,646,431,4,927.36,370.94,3338.5
1925,646,104,2,426.2,0.0,852.4
1926,646,323,7,650.74,683.28,3871.9
1927,646,159,4,820.26,0.0,3281.04
1928,647,345,10,92.72,139.08,788.12
1929,647,94,4,871.26,0.0,3485.04
1930,647,75,1,748.54,0.0,748.54
1931,647,62,10,969.94,0.0,9699.4
1932,647,181,1,996.85,149.53,847.32
1933,648,414,7,201.93,141.35,1272.16
1934,648,145,10,845.27,2113.18,6339.52
1935,648,410,5,326.74,408.43,1225.27
1936,648,4,1,739.36,0.0,739.36
1937,649,216,9,600.48,1351.08,4053.24
1938,649,203,5,765.0,382.5,3442.5
1939,650,341,7,450.01,787.52,2362.55
1940,650,206,5,21.93,27.41,82.24
1941,650,304,8,976.57,781.26,7031.3
1942,650,454,2,566.51,226.6,906.42
1943,650,418,4,321.28,257.02,1028.1
1944,651,219,1,12.0,1.2,10.8
1945,651,440,6,585.65,0.0,3513.9
1946,651,12,7,431.57,151.05,2869.94
1947,652,162,4,227.68,227.68,683.04
1948,652,102,1,42.74,8.55,34.19
1949,652,500,5,27.15,27.15,108.6
1950,653,96,8,716.9,1433.8,4301.4
1951,653,41,2,519.26,155.78,882.74
1952,653,71,10,82.06,164.12,656.48
1953,653,115,6,820.2,246.06,4675.14
1954,653,26,6,488.46,732.69,2198.07
1955,654,92,6,56.11,50.5,286.16
1956,655,83,9,516.27,0.0,4646.43
1957,656,212,4,328.4,262.72,1050.88
1958,656,154,4,621.51,0.0,2486.04
1959,656,437,6,598.73,359.24,3233.14
1960,656,470,9,461.59,623.15,3531.16
1961,657,202,6,23.95,14.37,129.33
1962,657,212,7,328.4,114.94,2183.86
1963,657,153,6,619.59,371.75,3345.79
1964,657,448,5,115.52,28.88,548.72
1965,657,158,5,605.7,0.0,3028.5
1966,658,314,2,887.86,355.14,1420.58
1967,658,292,10,451.95,225.97,4293.53
1968,658,386,10,807.09,403.55,7667.35
1969,659,142,10,740.37,1850.92,5552.78
1970,659,146,4,229.19,91.68,825.08
1971,659,450,7,595.5,416.85,3751.65
1972,660,270,9,715.48,0.0,6439.32
1973,661,115,1,820.2,123.03,697.17
1974,661,257,7,287.68,0.0,2013.76
1975,662,371,8,471.67,188.67,3584.69
1976,662,295,9,8.21,7.39,66.5
1977,662,52,4,184.29,0.0,737.16
1978,662,54,1,364.42,91.11,273.31
1979,662,67,1,479.57,0.0,479.57
1980,663,441,8,232.91,0.0,1863.28
1981,664,168,5,883.42,662.56,3754.54
1982,664,99,5,67.09,67.09,268.36
1983,664,190,6,330.8,496.2,1488.6
1984,664,410,10,326.74,0.0,3267.4
1985,665,20,4,805.29,0.0,3221.16
1986,665,22,5,662.83,331.42,2982.73
1987,666,222,5,451.57,451.57,1806.28
1988,666,476,2,67.55,0.0,135.1
1989,666,371,10,471.67,235.84,4480.86
1990,666,291,1,19.81,0.0,19.81
1991,666,73,6,742.06,0.0,4452.36
1992,667,399,2,266.41,26.64,506.18
1993,667,376,8,278.25,333.9,1892.1
1994,668,443,6,356.5,427.8,1711.2
1995,668,98,6,15.88,14.29,80.99
1996,668,322,8,153.24,0.0,1225.92
1997,668,285,7,594.75,0.0,4163.25
1998,669,313,4,780.13,0.0,3120.52
1999,669,134,6,945.73,567.44,5106.94
2000,669,97,5,432.24,324.18,1837.02
2001,669,204,7,535.1,187.29,3558.41
2002,669,44,2,974.27,97.43,1851.11
2003,670,282,6,15.79,0.0,94.74
2004,670,454,4,566.51,226.6,2039.44
2005,670,456,3,783.7,117.56,2233.54
2006,670,425,7,300.45,0.0,2103.15
2007,670,478,3,440.88,0.0,1322.64
2008,671,100,5,702.58,878.23,2634.67
2009,671,150,3,777.08,233.12,2098.12
2010,672,107,2,381.39,0.0,762.78
2011,672,155,4,108.06,108.06,324.18
2012,672,366,10,166.49,332.98,1331.92
2013,672,259,7,737.3,0.0,5161.1
2014,673,283,6,822.41,0.0,4934.46
2015,674,441,5,232.91,232.91,931.64
2016,674,386,10,807.09,0.0,8070.9
2017,674,79,2,843.03,421.51,1264.55
2018,674,225,5,310.0,0.0,1550.0
2019,674,239,5,69.87,17.47,331.88
2020,675,155,4,108.06,64.84,367.4
2021,676,80,4,425.34,255.2,1446.16
2022,677,84,3,69.12,20.74,186.62
2023,678,201,6,551.13,0.0,3306.78
2024,678,230,6,365.24,0.0,2191.44
2025,678,102,4,42.74,0.0,170.96
2026,678,267,3,634.53,95.18,1808.41
2027,679,70,1,984.27,0.0,984.27
2028,680,206,10,21.93,0.0,219.3
2029,680,111,4,712.87,0.0,2851.48
2030,680,118,1,342.95,17.15,325.8
2031,681,130,7,249.68,436.94,1310.82
2032,681,226,2,159.79,0.0,319.58
2033,682,402,8,976.05,1171.26,6637.14
2034,682,478,1,440.88,110.22,330.66
2035,682,439,7,338.04,0.0,2366.28
2036,682,398,8,28.99,34.79,197.13
2037,683,128,1,238.33,0.0,238.33
2038,683,143,6,70.65,21.2,402.7
2039,683,29,2,725.88,0.0,1451.76
2040,684,377,10,59.41,59.41,534.69
2041,684,418,8,321.28,0.0,2570.24
2042,685,15,4,472.87,189.15,1702.33
2043,685,367,3,986.22,0.0,2958.66
2044,686,277,5,133.71,167.14,501.41
2045,686,35,10,687.13,0.0,6871.3
2046,687,233,3,306.4,0.0,919.2
2047,688,150,1,777.08,116.56,660.52
2048,688,30,8,885.25,1416.4,5665.6
2049,689,339,9,428.68,964.53,2893.59
2050,689,374,2,775.55,387.77,1163.33
2051,689,329,8,818.58,982.3,5566.34
2052,690,212,2,328.4,0.0,656.8
2053,690,474,5,619.76,0.0,3098.8
2054,690,198,6,110.58,33.17,630.31
2055,691,447,8,46.84,0.0,374.72
2056,691,404,8,899.17,0.0,7193.36
2057,691,174,9,238.97,0.0,2150.73
2058,691,93,3,110.77,49.85,282.46
2059,691,307,1,125.73,18.86,106.87
2060,692,202,9,23.95,21.55,194.0
2061,692,365,5,868.32,0.0,4341.6
2062,692,485,4,620.92,620.92,1862.76
2063,692,128,4,238.33,238.33,714.99
2064,693,394,2,123.65,0.0,247.3
2065,693,52,3,184.29,0.0,552.87
2066,693,45,1,94.52,0.0,94.52
2067,693,272,8,557.38,0.0,4459.04
2068,693,121,6,830.7,996.84,3987.36
2069,694,26,2,488.46,244.23,732.69
2070,694,438,1,319.21,79.8,239.41
2071,694,150,1,777.08,38.85,738.23
2072,694,307,3,125.73,56.58,320.61
2073,694,54,10,364.42,364.42,3279.78
2074,695,92,10,56.11,84.16,476.94
2075,695,377,2,59.41,29.7,89.12
2076,695,53,3,533.23,0.0,1599.69
2077,696,464,8,209.06,334.5,1337.98
2078,696,384,5,829.21,207.3,3938.75
2079,697,286,8,918.92,0.0,7351.36
2080,697,84,1,69.12,10.37,58.75
2081,698,77,3,675.75,0.0,2027.25
2082,698,193,3,991.13,594.68,2378.71
2083,698,348,6,59.75,35.85,322.65
2084,699,451,7,142.88,50.01,950.15
2085,699,466,4,151.36,0.0,605.44
2086,699,355,9,384.18,172.88,3284.74
2087,699,104,5,426.2,213.1,1917.9
2088,699,155,8,108.06,0.0,864.48
2089,700,258,9,829.71,1866.85,5600.54
2090,700,261,10,698.19,1047.29,5934.61
2091,700,7,5,387.32,484.15,1452.45
2092,701,412,3,564.26,0.0,1692.78
2093,702,315,7,80.42,84.44,478.5
2094,702,37,10,768.13,1152.19,6529.11
2095,702,98,8,15.88,31.76,95.28
2096,703,320,3,165.03,99.02,396.07
2097,703,219,4,12.0,0.0,48.0
2098,703,486,10,424.87,637.3,3611.4
2099,704,120,5,478.97,0.0,2394.85
2100,704,232,8,588.63,1177.26,3531.78
2101,704,164,3,294.82,0.0,884.46
2102,704,467,6,293.7,0.0,1762.2
2103,705,215,2,142.72,57.09,228.35
2104,706,278,2,459.32,0.0,918.64
2105,706,415,10,176.1,0.0,1761.0
2106,706,15,6,472.87,0.0,2837.22
2107,707,304,5,976.57,0.0,4882.85
2108,707,37,6,768.13,921.76,3687.02
2109,708,22,3,662.83,298.27,1690.22
2110,708,162,10,227.68,455.36,1821.44
2111,709,224,4,854.91,854.91,2564.73
2112,709,343,3,973.0,583.8,2335.2
2113,710,424,10,481.05,481.05,4329.45
2114,710,341,3,450.01,0.0,1350.03
2115,711,194,2,465.91,139.77,792.05
2116,711,340,5,372.89,0.0,1864.45
2117,711,331,9,387.68,523.37,2965.75
2118,711,50,4,100.7,20.14,382.66
2119,712,115,9,820.2,0.0,7381.8
2120,713,140,10,719.49,359.75,6835.15
2121,714,33,2,880.15,0.0,1760.3
2122,714,436,3,825.11,0.0,2475.33
2123,715,401,2,908.84,272.65,1545.03
2124,715,384,5,829.21,0.0,4146.05
2125,716,276,3,42.5,25.5,102.0
2126,716,279,7,698.61,1222.57,3667.7
2127,716,206,5,21.93,0.0,109.65
2128,717,391,10,817.8,0.0,8178.0
2129,718,168,5,883.42,0.0,4417.1
2130,718,200,5,16.66,8.33,74.97
2131,718,385,3,555.43,0.0,1666.29
2132,718,22,7,662.83,0.0,4639.81
2133,718,292,9,451.95,1016.89,3050.66
2134,719,327,9,727.92,1637.82,4913.46
2135,719,126,6,900.09,810.08,4590.46
2136,719,398,7,28.99,40.59,162.34
2137,719,145,7,845.27,591.69,5325.2
2138,720,306,7,251.86,0.0,1763.02
2139,721,152,3,628.42,0.0,1885.26
2140,721,313,3,780.13,468.08,1872.31
2141,722,92,2,56.11,5.61,106.61
2142,722,94,1,871.26,87.13,784.13
2143,723,24,5,831.22,0.0,4156.1
2144,724,130,9,249.68,112.36,2134.76
2145,724,408,2,204.51,40.9,368.12
2146,724,376,8,278.25,0.0,2226.0
2147,724,47,8,211.36,422.72,1268.16
2148,724,79,7,843.03,590.12,5311.09
2149,725,354,9,395.93,0.0,3563.37
2150,725,334,3,61.53,9.23,175.36
2151,725,57,9,444.86,0.0,4003.74
2152,725,30,4,885.25,708.2,2832.8
2153,725,217,7,813.82,0.0,5696.74
2154,726,362,1,885.88,0.0,885.88
2155,726,3,6,769.38,230.81,4385.47
2156,727,277,6,133.71,40.11,762.15
2157,727,279,7,698.61,244.51,4645.76
2158,728,2,6,790.75,0.0,4744.5
2159,729,415,3,176.1,52.83,475.47
2160,729,126,9,900.09,405.04,7695.77
2161,729,282,1,15.79,2.37,13.42
2162,730,353,3,276.19,165.71,662.86
2163,730,432,10,337.73,0.0,3377.3
2164,730,338,10,896.2,0.0,8962.0
2165,730,31,8,149.4,239.04,956.16
2166,730,274,7,977.23,0.0,6840.61
2167,731,388,7,384.78,134.67,2558.79
2168,731,440,4,585.65,0.0,2342.6
2169,731,433,9,194.3,87.44,1661.26
2170,731,452,9,201.54,362.77,1451.09
2171,732,110,8,426.87,682.99,2731.97
2172,732,461,2,335.31,100.59,570.03
2173,733,453,9,812.83,1463.09,5852.38
2174,734,204,8,535.1,0.0,4280.8
2175,734,127,7,273.66,191.56,1724.06
2176,735,1,2,844.96,84.5,1605.42
2177,736,340,9,372.89,0.0,3356.01
2178,736,103,4,554.47,0.0,2217.88
2179,737,345,9,92.72,41.72,792.76
2180,738,460,3,274.54,205.91,617.71
2181,738,378,10,484.73,0.0,4847.3
2182,738,271,8,521.78,626.14,3548.1
2183,739,208,8,629.02,1258.04,3774.12
2184,740,49,1,138.4,27.68,110.72
2185,740,387,6,447.43,0.0,2684.58
2186,740,4,9,739.36,0.0,6654.24
2187,740,439,5,338.04,84.51,1605.69
2188,741,319,3,512.21,384.16,1152.47
2189,742,228,7,388.51,0.0,2719.57
2190,742,236,9,181.33,0.0,1631.97
2191,742,181,10,996.85,1993.7,7974.8
2192,742,297,9,191.03,85.96,1633.31
2193,742,278,5,459.32,344.49,1952.11
2194,743,92,1,56.11,0.0,56.11
2195,743,360,7,359.69,503.57,2014.26
2196,743,189,7,288.1,403.34,1613.36
2197,743,392,3,558.4,251.28,1423.92
2198,744,425,2,300.45,0.0,600.9
2199,744,166,8,181.01,72.4,1375.68
2200,744,158,10,605.7,0.0,6057.0
2201,744,176,6,515.18,154.55,2936.53
2202,744,309,5,66.97,66.97,267.88
2203,745,392,8,558.4,446.72,4020.48
2204,746,297,10,191.03,0.0,1910.3
2205,746,228,5,388.51,485.64,1456.91
2206,747,392,10,558.4,1116.8,4467.2
2207,747,217,10,813.82,813.82,7324.38
2208,748,392,8,558.4,893.44,3573.76
2209,749,12,9,431.57,0.0,3884.13
2210,749,284,10,104.46,261.15,783.45
2211,749,158,8,605.7,484.56,4361.04
2212,749,287,6,986.32,591.79,5326.13
2213,750,142,2,740.37,74.04,1406.7
2214,750,411,10,780.83,780.83,7027.47
2215,750,58,7,353.5,618.62,1855.88
2216,750,125,5,64.14,80.17,240.53
2217,751,484,6,872.23,261.67,4971.71
2218,751,205,10,600.61,0.0,6006.1
2219,751,195,5,824.48,0.0,4122.4
2220,751,136,5,178.48,133.86,758.54
2221,751,6,10,500.9,0.0,5009.0
2222,752,413,7,610.25,0.0,4271.75
2223,752,168,3,883.42,0.0,2650.26
2224,752,428,1,223.46,0.0,223.46
2225,752,205,3,600.61,450.46,1351.37
2226,752,21,7,518.27,725.58,2902.31
2227,753,284,10,104.46,0.0,1044.6
2228,753,10,9,61.39,0.0,552.51
2229,753,139,9,226.18,203.56,1832.06
2230,754,267,2,634.53,63.45,1205.61
2231,754,1,9,844.96,380.23,7224.41
2232,754,448,1,115.52,17.33,98.19
2233,755,157,9,315.79,142.11,2700.0
2234,755,317,10,73.29,183.23,549.67
2235,755,135,2,959.23,287.77,1630.69
2236,755,213,4,339.08,0.0,1356.32
2237,756,474,8,619.76,743.71,4214.37
2238,756,469,1,393.08,0.0,393.08
2239,757,109,1,219.49,32.92,186.57
2240,758,390,7,246.1,0.0,1722.7
2241,758,304,10,976.57,1464.86,8300.84
2242,758,331,4,387.68,0.0,1550.72
2243,758,467,6,293.7,352.44,1409.76
2244,759,50,9,100.7,90.63,815.67
2245,759,393,10,178.66,89.33,1697.27
2246,759,423,8,131.52,105.22,946.94
2247,760,230,10,365.24,0.0,3652.4
2248,760,258,8,829.71,0.0,6637.68
2249,760,335,2,514.46,257.23,771.69
2250,760,83,7,516.27,0.0,3613.89
2251,761,58,4,353.5,282.8,1131.2
2252,762,455,2,556.95,0.0,1113.9
2253,762,119,5,647.28,323.64,2912.76
2254,762,156,5,424.47,0.0,2122.35
2255,763,305,1,432.37,86.47,345.9
2256,763,248,5,92.56,69.42,393.38
2257,763,489,7,354.15,495.81,1983.24
2258,763,420,6,826.49,0.0,4958.94
2259,763,155,1,108.06,21.61,86.45
2260,764,404,3,899.17,0.0,2697.51
2261,764,166,6,181.01,217.21,868.85
2262,765,71,6,82.06,98.47,393.89
2263,765,394,3,123.65,0.0,370.95
2264,765,481,3,355.98,0.0,1067.94
2265,765,312,1,338.27,50.74,287.53
2266,766,111,5,712.87,891.09,2673.26
2267,766,407,1,490.89,49.09,441.8
2268,767,158,8,605.7,969.12,3876.48
2269,767,156,9,424.47,382.02,3438.21
2270,767,351,6,116.59,104.93,594.61
2271,767,306,4,251.86,201.49,805.95
2272,768,88,2,485.98,48.6,923.36
2273,768,274,4,977.23,586.34,3322.58
2274,768,4,8,739.36,0.0,5914.88
2275,769,148,6,333.24,299.92,1699.52
2276,769,112,2,748.01,0.0,1496.02
2277,770,29,1,725.88,36.29,689.59
2278,770,202,3,23.95,0.0,71.85
2279,770,485,2,620.92,0.0,1241.84
2280,770,476,8,67.55,27.02,513.38
2281,770,473,3,710.24,532.68,1598.04
2282,771,81,7,247.16,173.01,1557.11
2283,771,275,9,579.6,260.82,4955.58
2284,771,317,6,73.29,65.96,373.78
2285,771,365,6,868.32,781.49,4428.43
2286,772,93,10,110.77,110.77,996.93
2287,772,88,6,485.98,0.0,2915.88
2288,773,52,7,184.29,0.0,1290.03
2289,773,258,6,829.71,1244.57,3733.69
2290,773,189,10,288.1,0.0,2881.0
2291,774,35,1,687.13,103.07,584.06
2292,774,470,1,461.59,0.0,461.59
2293,774,186,5,158.76,0.0,793.8
2294,774,133,8,95.17,190.34,571.02
2295,775,138,8,769.35,307.74,5847.06
2296,775,392,6,558.4,167.52,3182.88
2297,775,183,3,91.35,27.41,246.64
2298,776,448,9,115.52,103.97,935.71
2299,776,58,8,353.5,0.0,2828.0
2300,776,183,10,91.35,91.35,822.15
2301,776,360,10,359.69,899.23,2697.67
2302,777,134,5,945.73,236.43,4492.22
2303,777,19,6,72.86,21.86,415.3
2304,778,262,9,934.96,0.0,8414.64
2305,778,114,4,489.0,0.0,1956.0
2306,778,272,4,557.38,445.9,1783.62
2307,778,43,2,397.12,39.71,754.53
2308,779,423,9,131.52,0.0,1183.68
2309,779,219,1,12.0,3.0,9.0
2310,780,274,3,977.23,0.0,2931.69
2311,780,181,3,996.85,747.64,2242.91
2312,780,279,8,698.61,279.44,5309.44
2313,780,5,5,306.93,306.93,1227.72
2314,780,95,6,770.59,0.0,4623.54
2315,781,93,2,110.77,55.38,166.16
2316,781,355,5,384.18,384.18,1536.72
2317,781,168,4,883.42,530.05,3003.63
2318,782,248,9,92.56,0.0,833.04
2319,782,52,9,184.29,0.0,1658.61
2320,783,218,8,988.44,395.38,7512.14
2321,783,150,5,777.08,777.08,3108.32
2322,783,255,2,368.82,184.41,553.23
2323,784,381,7,452.62,0.0,3168.34
2324,784,304,7,976.57,0.0,6835.99
2325,784,159,4,820.26,164.05,3116.99
2326,784,417,7,918.52,0.0,6429.64
2327,785,310,10,713.31,713.31,6419.79
2328,785,455,7,556.95,779.73,3118.92
2329,785,135,6,959.23,0.0,5755.38
2330,785,313,10,780.13,0.0,7801.3
2331,785,354,1,395.93,0.0,395.93
2332,786,273,10,261.21,391.81,2220.29
2333,787,117,10,453.22,0.0,4532.2
2334,787,273,4,261.21,156.73,888.11
2335,787,84,2,69.12,0.0,138.24
2336,787,277,10,133.71,267.42,1069.68
2337,788,149,5,254.9,0.0,1274.5
2338,788,334,5,61.53,61.53,246.12
2339,788,142,9,740.37,666.33,5997.0
2340,788,318,10,956.06,2390.15,7170.45
2341,788,299,6,368.3,552.45,1657.35
2342,789,288,6,637.81,956.71,2870.15
2343,789,169,10,432.95,649.42,3680.08
2344,790,65,9,405.97,0.0,3653.73
2345,790,432,10,337.73,0.0,3377.3
2346,790,92,3,56.11,0.0,168.33
2347,790,226,10,159.79,399.47,1198.43
2348,790,375,9,28.8,0.0,259.2
2349,791,154,9,621.51,279.68,5313.91
2350,791,328,10,863.17,2157.92,6473.78
2351,792,237,1,569.68,85.45,484.23
2352,793,271,5,521.78,260.89,2348.01
2353,793,474,6,619.76,0.0,3718.56
2354,793,405,5,204.03,51.01,969.14
2355,793,218,8,988.44,0.0,7907.52
2356,793,268,7,670.77,0.0,4695.39
2357,794,94,4,871.26,0.0,3485.04
2358,795,271,9,521.78,704.4,3991.62
2359,795,386,7,807.09,0.0,5649.63
2360,796,296,4,359.6,359.6,1078.8
2361,797,41,5,519.26,389.44,2206.86
2362,797,296,1,359.6,0.0,359.6
2363,797,378,10,484.73,0.0,4847.3
2364,797,427,2,815.1,407.55,1222.65
2365,797,240,10,753.28,0.0,7532.8
2366,798,162,3,227.68,136.61,546.43
2367,798,474,7,619.76,216.92,4121.4
2368,798,114,6,489.0,0.0,2934.0
2369,799,382,9,381.28,0.0,3431.52
2370,799,387,8,447.43,0.0,3579.44
2371,799,394,6,123.65,37.1,704.8
2372,800,345,7,92.72,0.0,649.04
2373,800,383,2,897.26,0.0,1794.52
